id,name,box_qty_available,box_price,box_purchase_price,total_selling_value_box,total_cost_value_box
1699,*ترمومتر زئبق,2,60.00,46.00,120.00,92.00
1479,10x12غيار لاصق استرب,2,4.00,2.10,8.00,4.20
1480,10x18 غيار لاصق استرب,1,4.00,2.45,4.00,2.45
1481,10x25 غيار لاصق استرب,2,5.00,3.00,10.00,6.00
1482,10x35 غيار لاصق استرب,4,6.00,3.80,24.00,15.20
444,123 شراب,5,32.00,22.40,160.00,112.00
1206,225 فيانسيه  جل كريم موف م,1,47.00,36.30,47.00,36.30
1989,4785963210485,1,100.00,75.00,100.00,75.00
212,5/1000جليبوفين,1,48.00,34.00,48.00,34.00
1478,6x8 غيار لاصق استرب,6,2.00,1.00,12.00,6.00
1286,PINEفوج بخاخ,1,120.00,93.00,120.00,93.00
1491,Test Product,3,30.00,7.00,90.00,21.00
359,أبيمول 500,1,24.00,15.36,24.00,15.36
925,أتور 20,1,79.00,56.88,79.00,56.88
926,أتور 40,1,106.00,77.38,106.00,77.38
1941,إكسامايد 10مجم اقراص,1,117.00,84.94,117.00,84.94
1995,ابره بثور,1,13.00,8.75,13.00,8.75
1616,ابي داينيترا 5مجم اقراص,1,16.00,9.10,16.00,9.10
1811,ابي دينيترا 10مجم اقراص,1,9.00,6.80,9.00,6.80
322,ابيدون شراب,3,24.00,20.00,72.00,60.00
346,ابيديرم كريم,1,70.00,51.10,70.00,51.10
590,ابيسيفين 1جم,4,60.00,46.02,240.00,184.08
591,ابيسيفين 1جم,5,60.00,46.02,300.00,230.10
2260,ابيفاسي امبول,1,500.00,450.00,500.00,450.00
253,ابيفيناك امبول,1,36.00,28.80,36.00,28.80
1447,ابيفيناك قطره للعين,2,20.00,14.40,40.00,28.80
353,ابيكوبريد 20,0,104.00,77.00,0.00,0.00
347,ابيكوبريد 5,1,69.00,51.06,69.00,51.06
1936,ابيكوجيل شراب,1,48.00,35.52,48.00,35.52
2026,ابيكوفيللين 125مجم شراب,1,22.00,16.67,22.00,16.67
593,ابيماج فوار,1,26.00,19.94,26.00,19.94
342,ابيمول اكسترا,1,28.00,20.16,28.00,20.16
329,ابيمول لبوس5اقماع,1,15.00,10.65,15.00,10.65
1974,ابيوكالمين100مجم/5 مجم شراب,1,28.00,20.44,28.00,20.44
355,اتاكاند 16,1,116.00,85.84,116.00,85.84
344,اتاكاند 4ملجم,1,39.75,31.00,39.75,31.00
356,اتاكاند 8,1,83.00,60.59,83.00,60.59
345,اتاكاند بلاس 12.50/16 مجم اقراص,1,116.00,91.64,116.00,91.64
924,اتاكاند بلاس 32/ 25مجم اقراص,1,179.00,143.20,179.00,143.20
2096,اتروفنت 250 مجم امبول,0,286.00,221.00,0.00,0.00
2162,اتروفينت500امبول,2,286.00,210.78,572.00,421.56
349,اتكوكوكسيب 90,1,241.50,167.30,241.50,167.30
340,اتورستات 10,1,56.00,39.76,56.00,39.76
343,اتورستات 20,1,64.00,44.80,64.00,44.80
357,اتورستات 40,2,76.00,51.00,152.00,102.00
360,اتورستات 80,1,64.00,46.72,64.00,46.72
341,اتوريزا 10/10,1,166.00,114.54,166.00,114.54
335,اتوريزا 10/20,1,141.00,98.70,141.00,98.70
348,اتوريزا 10/40,1,210.00,151.20,210.00,151.20
1724,اجركس 75مجم اقراص,2,27.00,19.71,54.00,39.42
321,اجيرا كريم حب شباب,1,159.00,108.12,159.00,108.12
352,اجيولاكس,1,80.00,64.00,80.00,64.00
1338,اختبار حمل,6,25.00,7.25,150.00,43.50
1387,اختبار حمل يو تست كارت,4,20.00,6.25,80.00,25.00
305,ادابالين جيل,1,34.00,23.46,34.00,23.46
1173,ادرينوكورتين امبول,1,80.00,59.20,80.00,59.20
923,ادول ازرق,1,32.00,23.10,32.00,23.10
843,ادول اكسترا اقراص,4,52.00,41.29,208.00,165.16
330,ادولور30مجم حقن,3,36.00,23.76,108.00,71.28
338,ادويتين 30,1,243.00,167.67,243.00,167.67
331,ادويتين60مجم,1,299.50,185.35,299.50,185.35
1566,ادويفلام امبول,2,72.00,50.11,144.00,100.22
1555,ادويفلام جل,1,55.00,39.43,55.00,39.43
967,اديوفلام 12.5 مجم,1,148.00,108.04,148.00,108.04
1985,ار اكس كريم,1,75.00,56.25,75.00,56.25
1769,ارتيسوي اقراص,2,240.00,170.40,480.00,340.80
1768,ارتيكسيبان 2.5 مجم اقراص,1,426.00,302.40,426.00,302.40
1221,ارثروفاست 150 مجم اقراص,1,120.00,92.05,120.00,92.05
1528,ارثينور اقراص,1,23.00,17.94,23.00,17.94
1149,ارجنتو  غسول 200ملل,2,135.00,98.00,270.00,196.00
351,اريثريكس 200,1,94.00,66.74,94.00,66.74
2281,اريراستابكس 20م اقراص,1,75.00,54.67,75.00,54.67
334,اريك,0,100.50,86.43,0.00,0.00
2188,ازادرم كريم,2,87.00,57.00,174.00,114.00
1977,ازروليد 200/5مجم شراب 15مل,1,45.00,34.20,45.00,34.20
354,ازروليد 500,2,63.00,42.48,126.00,84.96
1978,ازروليد200/5 مجم شراب 22.5مل,1,52.00,39.52,52.00,39.52
2004,ازروليد30مللى شراب,2,62.00,45.83,124.00,91.66
339,ازماتك 20,0,55.00,26.30,0.00,0.00
964,ازماتك 40مجم,1,144.00,89.28,144.00,89.28
922,ازماكاست 10,1,156.00,113.88,156.00,113.88
921,ازماكاست 5,1,120.00,88.80,120.00,88.80
1716,ازمالير10مجم اقراص,1,40.00,29.20,40.00,29.20
541,ازموراب 40مجم,1,138.00,96.60,138.00,96.60
364,اسبروتكت اقراص,1,54.00,40.78,54.00,40.78
1757,اسبريكارلو اقراص,2,45.00,34.38,90.00,68.76
592,اسبرين بروتكت اقراص,4,78.00,60.00,312.00,240.00
1531,اسبوسيد 75مجم اقراص,3,33.00,28.38,99.00,85.14
326,اسبوسيد اطفال,4,35.00,25.55,140.00,102.20
1151,استارفيل غسول  ابيض 200ملل,1,145.00,96.00,145.00,96.00
535,استربسل عسل وليمون,0,170.00,112.20,0.00,0.00
190,استيروماب 10جرام اقراص,1,132.00,96.91,132.00,96.91
2243,استيكان 10مجم اقراص,1,48.00,35.04,48.00,35.04
2242,استيكان 20مجم اقراص,0,106.00,77.38,0.00,0.00
1530,استيل سستايين 200مجم,1,55.00,45.10,55.00,45.10
316,استين 20مجم,1,28.80,18.14,28.80,18.14
317,استين10مجم,1,28.80,18.14,28.80,18.14
1464,اسيتون 70 مل بيور,4,30.00,21.00,120.00,84.00
1470,اسيتون الاهرام 40 مل,1,15.00,9.75,15.00,9.75
833,اسيكلوفير 800 ستادا,1,280.00,221.20,280.00,221.20
361,اسيكلوفير كريم,3,23.00,15.80,69.00,47.40
2269,اسيكلوفير400ستادا اقراص,1,210.00,152.46,210.00,152.46
2192,افازير قطره للعين,2,28.00,18.20,56.00,36.40
2180,افوريكسال كبسول,0,270.00,196.00,0.00,0.00
1225,افوفا عجينه بيضا احمر,1,32.00,22.75,32.00,22.75
1224,افوفا عجينه بيضا اصفر,1,32.00,22.75,32.00,22.75
2337,افونا فازلين شفايف,3,20.00,13.00,60.00,39.00
2212,افيروبايوز 642.9 مجم شراب,2,118.00,85.18,236.00,170.36
2073,افيروميلان 50مجم اقراص,1,106.50,78.30,106.50,78.30
336,افيفافاسك 10/160,1,140.00,69.60,140.00,69.60
337,افيفافاسك 5/160,1,124.00,90.52,124.00,90.52
196,افيل حقن,4,57.00,41.84,228.00,167.36
1778,اكت رابد 100 وحده حقن,2,75.50,52.85,151.00,105.70
1878,اكت رابد انسولين 100مجم بنفل,5,338.00,270.00,1690.00,1350.00
324,اكتوزنك اقراص,1,30.00,19.80,30.00,19.80
2075,اكتوفنت سي ار 4مجم اقراص,1,12.00,8.82,12.00,8.82
723,اكتوميثرين 5% 50مللي,8,55.00,35.75,440.00,286.00
2111,اكتيفاست 50 مجم اقراص,1,39.00,24.75,39.00,24.75
537,اكتيفاست فوار,1,21.00,14.28,21.00,14.28
899,اكرتين %0.025 كريم,1,38.00,30.40,38.00,30.40
937,اكرتين %0.50 كريم,1,43.00,32.68,43.00,32.68
1124,اكس اسبراي % عرض,1,150.00,120.00,150.00,120.00
1125,اكس اسبراي % عرض,1,150.00,120.00,150.00,120.00
1126,اكس اسبراي % عرض,1,150.00,120.00,150.00,120.00
2078,اكسارونت 5مجم اقراص,1,357.00,268.40,357.00,268.40
323,اكسامايد20مجم,1,106.00,75.26,106.00,75.26
320,اكسامايد5مجم,1,66.00,46.20,66.00,46.20
2341,اكسترا بانتين كريم,1,90.00,66.87,90.00,66.87
2195,اكسترا كريم,1,65.00,40.95,65.00,40.95
968,اكستنشن 150/12.5 مجم بلاس,0,108.00,87.84,0.00,0.00
960,اكستنشن 300/12.5 مجم بلاس,1,148.00,108.00,148.00,108.00
1955,اكسفورج اتش 5/160/12.5مجم اقراص,0,270.00,203.04,0.00,0.00
2160,اكنى-فرى كريم,1,27.00,19.89,27.00,19.89
546,اكني اكت جيل,1,39.00,28.08,39.00,28.08
306,اكنيسكيف لعلاج حب الشباب,1,37.00,25.53,37.00,25.53
318,اكوا بلس شراب,2,45.00,27.00,90.00,54.00
350,ال- كارنتين,1,72.00,51.12,72.00,51.12
1816,ال-كارنيتين بلس اقراص,1,116.00,90.05,116.00,90.05
1938,البافيت شراب اخضر,1,39.00,27.69,39.00,27.69
1937,البافيت شراب بني,2,40.00,30.40,80.00,60.80
362,البندازول 400 اقراص,1,46.00,36.34,46.00,36.34
292,البندازول شراب,2,24.00,18.96,48.00,37.92
1795,الترافير كريم تفتيح,1,60.00,45.66,60.00,45.66
1517,الترانيل كبسول,1,130.00,91.00,130.00,91.00
315,الدوميت250مجم,2,111.00,76.59,222.00,153.18
1110,الزميندا 5مجم,1,44.00,32.30,44.00,32.30
162,الزنتال 200 جرام اقراص,0,33.00,23.10,0.00,0.00
161,الزنتال شراب,1,21.00,15.32,21.00,15.32
1654,السيزول 60 كبسول,1,198.00,140.58,198.00,140.58
1842,الفاكارينو نقط بالفم,2,152.00,112.40,304.00,224.80
1185,الفاكالسيدول نقط فم,1,86.00,63.14,86.00,63.14
1655,الفيرينسبازم اقراص,2,74.00,49.58,148.00,99.16
328,الفينترن اقراص,2,87.00,57.42,174.00,114.84
2318,الكا مصر اكياس,1,40.00,31.30,40.00,31.30
1116,الكابراس تريو 5/ 160/25 مجم اقراص,1,110.00,80.30,110.00,80.30
160,الكابرايد 50 جرام قرص,1,90.00,59.40,90.00,59.40
1117,الكابرس بلس 10/160 مجم,1,102.00,76.50,102.00,76.50
307,الكابرس تريو 160/5 12.50,1,97.00,70.81,97.00,70.81
308,الكابرس5مجم,1,58.00,44.66,58.00,44.66
327,الليربان ممتد المفعول 2مجم,1,38.00,28.12,38.00,28.12
158,الليربان1 مجم\ 5مللى شراب,3,33.00,24.90,99.00,74.70
1650,الليرجيل مضاد للحساسيه شراب,2,26.00,18.27,52.00,36.54
153,الوكتيا اسبراى للشعر,1,359.00,244.12,359.00,244.12
154,الوكيتا شامبو,1,199.00,135.32,199.00,135.32
155,الوكيتا شامبو دي اس,1,229.00,155.72,229.00,155.72
166,الوندا 0.5جرام اقراص,1,125.00,93.75,125.00,93.75
989,الويز  جامبو طويل,1,80.00,66.00,80.00,66.00
990,الويز جامبو طويل جدا,1,80.00,66.00,80.00,66.00
1748,اليرتام 120مجم اقراص,1,21.00,16.26,21.00,16.26
319,اليريد10مجم,1,93.00,66.96,93.00,66.96
870,اليكا -ام كريم,1,52.00,37.96,52.00,37.96
2295,اليكاسال كريم,1,50.00,36.00,50.00,36.00
1583,اليمبوسيس5مجم اقراص,1,269.50,199.43,269.50,199.43
1644,اماجلوست 30/4مجم اقراص,1,102.00,78.97,102.00,78.97
314,اماريل ام اقراص,2,102.00,74.46,204.00,148.92
313,اماريل1مجم,1,40.00,29.60,40.00,29.60
311,اماريل2مجم,1,78.00,57.72,78.00,57.72
310,اماريل3مجم,1,87.00,62.64,87.00,62.64
312,اماريل4مجم,1,78.00,57.72,78.00,57.72
441,امبروكسول نقط,2,16.00,12.00,32.00,24.00
163,امبيزيم اقراص,0,102.00,71.40,0.00,0.00
1360,امريزول 0.5% محلول وريدي,2,47.00,31.28,94.00,62.56
365,امريزول 500 اقراص,0,25.00,16.75,0.00,0.00
156,امريزول شرب 125 جرام \5مللى,2,31.00,23.25,62.00,46.50
832,امريزول ن 500مجم اقماع,1,30.00,24.90,30.00,24.90
14,املا كريم,1,80.00,65.00,80.00,65.00
1276,املاح باديكير افونا,2,30.00,16.50,60.00,33.00
1163,امواس دوركو,19,20.00,11.00,380.00,209.00
2112,اموسريبرال بلس اقراص,1,36.00,22.50,36.00,22.50
2164,اميبابين اقراص,1,65.00,47.90,65.00,47.90
2210,اميبروستون 8مجم اقراص,0,90.00,64.97,0.00,0.00
2053,اميبريد 50مجم اقراص,0,111.00,76.59,0.00,0.00
878,اميجران ادكو اقراص,1,93.00,74.40,93.00,74.40
1490,اميجراويست2.5مجم اقراص,1,56.00,39.20,56.00,39.20
839,اميكاسين 500مجم حقن,3,34.00,28.56,102.00,85.68
159,اميولانت ان شراب,2,50.00,37.50,100.00,75.00
164,اميولانت بلس اقراص,2,45.00,35.10,90.00,70.20
1924,اميولانت كبسول,2,45.00,33.75,90.00,67.50
1220,انافرونيل 25 مجم اقراص,1,66.00,48.45,66.00,48.45
1925,انافرونيل ممتد المفعول 75 مجم اقراص,1,106.00,79.50,106.00,79.50
1730,اناللرج 4مجم اقراص,0,30.00,21.30,0.00,0.00
1190,انتوبرال 20مجم اقراص,1,88.00,59.84,88.00,59.84
1191,انتوبرال 40مجم اقراص,0,126.00,85.68,0.00,0.00
205,انتودين 20 جرام اقراص,1,60.00,44.05,60.00,44.05
594,انتودين 40مجم,2,93.00,68.27,186.00,136.54
1218,انتودين امبول,0,78.00,62.40,0.00,0.00
1709,انتوكس اقراص,1,60.00,46.80,60.00,46.80
208,انتيفلام يو بي فارما 25 جرام اقراص,1,16.25,11.93,16.25,11.93
202,انتيفلام يو بي فارما 50 جرام اقراص,0,44.00,32.30,0.00,0.00
206,انتيكوكس 15 جرام حقن,1,78.00,57.00,78.00,57.00
148,انتيكوكس15 جرام,1,111.00,77.70,111.00,77.70
193,انتينال اقراص,2,52.00,38.17,104.00,76.34
889,انتينال شراب,2,24.00,17.62,48.00,35.24
2032,انجرام كريم حلاقة,1,50.00,40.00,50.00,40.00
515,انجكتمول 100مل محلول وريدي,3,67.00,48.91,201.00,146.73
2033,انجي كريم تفتيح صغير,1,17.00,12.25,17.00,12.25
198,اندرال 40جرام اقراص,1,100.00,73.41,100.00,73.41
1636,اندوبينتين 300مجم اقراص,2,135.00,94.50,270.00,189.00
150,اندوريستات 80 مجم اقراص,1,80.00,56.00,80.00,56.00
1805,اندوفيت ايرون بلس شراب,1,120.00,87.96,120.00,87.96
147,انفكتوكيور 500ِ,0,156.00,117.00,0.00,0.00
2039,انفكتوميسين 500مجم اقراص,1,97.00,65.96,97.00,65.96
1463,انفينتي صن بلوك جيل,1,295.00,205.00,295.00,205.00
1354,انكل زولا,4,30.00,16.77,120.00,67.08
1172,انكونت 4مجم اقراص,1,126.00,92.64,126.00,92.64
1809,انماكس حقن شرجيه,1,40.00,30.24,40.00,30.24
735,انوفا 50مجم,1,27.00,17.55,27.00,17.55
865,او ار اسى  فوار,1,40.00,32.00,40.00,32.00
1189,اوبتيبرد قطره للعين,3,54.00,43.20,162.00,129.60
1187,اوبتيديكس-ت قطره,3,48.00,34.56,144.00,103.68
431,اوبلكس ان بلس لبوس,2,32.00,25.60,64.00,51.20
439,اوبلكس شراب,3,31.00,18.90,93.00,56.70
2214,اوبونوف اقراص,1,135.00,81.00,135.00,81.00
1111,اوتال قطره للاذن,2,19.00,13.94,38.00,27.88
433,اوتريفين اطفال,15,24.00,16.56,360.00,248.40
432,اوتريفين بيبي سالين,2,20.00,12.00,40.00,24.00
2324,اوتريفين بيبي سالين15ملي,5,20.00,15.00,100.00,75.00
1940,اوتريفين للاطفال نقط انف,2,24.00,17.42,48.00,34.84
195,اوتريفين للكبار نقط للانف,9,24.00,17.62,216.00,158.58
440,اوتوكورت نقط,2,26.00,17.94,52.00,35.88
2014,اوجرام 1جم اقراص,2,76.00,57.68,152.00,115.36
1969,اوجرام 228.5مجم شرلب,1,56.00,42.00,56.00,42.00
888,اوجرام457 5مللي شراب,1,67.00,49.19,67.00,49.19
188,اوجمنتين 1جم اقراص,3,210.00,154.18,630.00,462.54
1864,اوجمنتين 457 مجم شراب,1,137.50,100.83,137.50,100.83
858,اوجمنتين اي اس600,5,169.00,121.68,845.00,608.40
1708,اوجوبليك قطره,1,18.00,15.12,18.00,15.12
1770,اورازون شراب,1,36.00,28.51,36.00,28.51
1114,اوراسين غسول للفم,1,49.00,35.97,49.00,35.97
715,اوراكيور جيل كبير,1,24.00,15.60,24.00,15.60
435,اوركابريد قطرة,1,38.00,27.00,38.00,27.00
1167,اوركاديكسولين قطره,2,27.00,20.47,54.00,40.94
434,اوركازيد قطرة,1,31.00,22.32,31.00,22.32
423,اورلي كبسول120مجم,1,240.00,177.60,240.00,177.60
426,اوروفيكس ديليكت,1,90.00,66.60,90.00,66.60
427,اوروفيكس غرغره اورنج,1,85.00,62.90,85.00,62.90
428,اوروفيكس غرغره نعناع,1,85.00,62.90,85.00,62.90
152,اوست-مات 60 م  اقراص,1,54.00,27.00,54.00,27.00
438,اوستيوكير اورجينال كبسول,2,150.00,109.50,300.00,219.00
149,اوستيوكير شراب,2,100.00,76.00,200.00,152.00
2200,اوفلام 50 مجم اقراص,0,72.00,54.72,0.00,0.00
248,اوفيوسيديك قطره مضاد حيوى للعين,1,28.00,19.60,28.00,19.60
1201,اوفيونهيبيتا اقراص,1,61.00,43.92,61.00,43.92
252,اوكاربون اقراص,2,105.00,74.55,210.00,149.10
430,اوكتاترون كبسول,0,114.00,80.94,0.00,0.00
203,اوكسيمت 5جرام نقط للانف كبار,2,15.00,11.01,30.00,22.02
200,اوكسيمت نقط للاطفال25 جرام,2,15.00,11.01,30.00,22.02
261,اولفن جيل كبير,2,42.00,33.33,84.00,66.66
890,اولفنت شراب,2,34.00,24.96,68.00,49.92
1641,اولوبات قطره للعين,1,18.60,13.95,18.60,13.95
995,اولويز سنجل طويل جدا,1,35.00,27.00,35.00,27.00
189,اومنيفورا حقن,0,128.00,93.97,0.00,0.00
844,اوميجا 3 شراب,1,130.00,95.44,130.00,95.44
238,اوميجا 3بلس مكمل غذائى,3,135.00,110.00,405.00,330.00
2283,اوميجا د3 اقراص,1,135.00,101.00,135.00,101.00
845,اوميجا زاد شراب,1,120.00,88.10,120.00,88.10
2157,اوميجاكف شراب,1,59.00,43.48,59.00,43.48
207,اوميز 10 جرام  اقراص,1,40.00,29.36,40.00,29.36
187,اوميز 20 اقراص,0,56.00,41.11,0.00,0.00
192,اوميز 40 جرام اقراص,0,130.00,95.44,0.00,0.00
2276,اوميز 40 فيال,1,66.00,55.00,66.00,55.00
1115,اوندالينز 4مجم لزقه للفم,0,160.00,117.47,0.00,0.00
1397,اى بيتش صغار,10,4.00,1.20,40.00,12.00
1398,اى بيتش كبار,10,4.00,1.25,40.00,12.50
1174,ايبكوتيل 20 مجم اقماع شرجيه,1,17.50,13.65,17.50,13.65
963,ايتوبرايد 50مجم,1,54.00,37.80,54.00,37.80
2320,ايراستابكس بلس 40/12.5 اقراص,1,96.00,75.16,96.00,75.16
242,ايراستابكس ترو 20/5/12.5مجم اقراص,1,114.00,83.22,114.00,83.22
243,ايراستابكس تريو 40/5/12.5 مجم اقراص,1,114.00,108.00,114.00,108.00
1579,ايراستابكس تريو 40مجم/10مجم/25مجم اقراص,0,162.00,119.88,0.00,0.00
247,ايراستابكس كو  20/5 مجم اقراص,0,114.00,84.36,0.00,0.00
246,ايراستابكس كو 40/10 مجم  اقراص,1,165.00,122.10,165.00,122.10
244,ايراستابكس كو 40/5 مجم,1,114.00,105.12,114.00,105.12
1494,ايراكتابكس بلس 20/12.5مجم اقراص,2,78.00,57.72,156.00,115.44
928,ايروسبكت شراب,1,75.00,55.00,75.00,55.00
927,ايروسبكت كبسول,1,140.00,110.60,140.00,110.60
929,ايروكسول مرهم,2,109.00,77.39,218.00,154.78
265,ايرونيل 1.5 مجم شراب,1,29.00,23.20,29.00,23.20
204,ايرونيل 2.5 جرام اقراص,2,22.00,16.15,44.00,32.30
1614,ايزابريل 10 مجم اقراص,1,54.00,30.73,54.00,30.73
1186,ايزاكارد 75مجم,1,51.00,37.44,51.00,37.44
191,ايزوتريتونين 20 جرام اقراص,0,372.00,273.11,0.00,0.00
199,ايزوجاست 40 جرام اقراص,1,160.00,117.47,160.00,117.47
197,ايزوروميديرم جل موضغي 30 جرام,2,71.00,52.12,142.00,104.24
1132,ايزي سويت الورد,1,16.00,11.00,16.00,11.00
1131,ايزي سويت زيت زيتون,2,16.00,11.00,32.00,22.00
1455,ايزيس بقدونس وكرفس 20 كيس,1,35.00,23.80,35.00,23.80
2201,ايسوبتن 80 مجم اقراص,1,50.00,38.00,50.00,38.00
1540,ايفا بودرة قدم زرقاء,2,40.00,31.00,80.00,62.00
1472,ايفا بيبي شاور 200 مل,1,100.00,84.00,100.00,84.00
1471,ايفا بيبي لوشن 200 مل,1,130.00,110.00,130.00,110.00
2140,ايفا سموكرز كبير,1,45.00,35.03,45.00,35.03
67,ايفا كريم بنفسجي,5,20.00,10.00,100.00,50.00
1476,ايفا لوشن ريسبي خوخ 370 مل,1,175.00,133.00,175.00,133.00
1435,ايفاستين اقراص,1,54.00,36.72,54.00,36.72
1436,ايفاستين شراب,1,28.00,19.32,28.00,19.32
1146,ايفونا جل كعب الغزال 250ملل,1,20.00,13.75,20.00,13.75
2145,ايفي استيل زنك شراب,2,75.00,53.40,150.00,106.80
2211,ايفي زاد شراب,1,65.00,46.92,65.00,46.92
249,ايفيبرونت شراب,7,57.00,28.80,399.00,201.60
250,ايفيروسبان شراب,2,55.00,36.30,110.00,72.60
1632,ايكاندرا 50 اقراص,0,118.50,86.50,0.00,0.00
2189,ايمباكوزا 10 مجم اقراص,1,240.00,180.00,240.00,180.00
1762,ايمباكوزا 25مجم اقراص,1,240.00,165.80,240.00,165.80
1492,ايمباكوزا بلس اقراص 10/5 مجم,1,357.00,264.18,357.00,264.18
1592,ايموكس 500 مجم اقراص,3,40.00,30.75,120.00,92.25
251,ايموكسكلاف 1جم اقراص مضاد حيوى,2,96.00,71.04,192.00,142.08
1553,ايموكسكلاف 228.5 شراب,2,49.00,35.13,98.00,70.26
892,ايموكسكلاف 642 شراب,2,73.00,53.59,146.00,107.18
1368,ايميرست 4مجم/2ملل محلول للحقن,1,142.50,96.90,142.50,96.90
2029,ايندوميتازين لبوس للالتهاب والروماتيزم,2,38.00,28.80,76.00,57.60
1188,ايه اي جي  ايزوميبرازول 40مجم اقراص,2,292.00,207.30,584.00,414.60
38,بابيا مناديل,3,35.00,26.46,105.00,79.38
558,باراسيتامول 500مجم اقراص (المهن),1,13.00,9.49,13.00,9.49
2024,باراسيتامول نصار 500مجم اقراص,2,34.00,26.55,68.00,53.10
560,بارامول 1000مجم,2,52.00,37.96,104.00,75.92
557,بارامول شراب,2,36.00,24.48,72.00,48.96
1923,باروكسيتين 12.5 مجم اقراص,1,99.00,71.28,99.00,71.28
1747,بالمرز كريم علبه ازرق,1,150.00,125.00,150.00,125.00
1236,بالمرز كريم للشعر اصفر  50 م,1,68.00,56.10,68.00,56.10
1729,بامبديل اقراص,1,81.00,55.89,81.00,55.89
419,بامبديل شراب,1,32.00,24.23,32.00,24.23
1883,بامبينو شراب,2,75.00,54.00,150.00,108.00
508,بانادول ادفانس,4,92.00,69.00,368.00,276.00
1865,بانادول اكتي هيد اقراص,10,62.00,45.63,620.00,456.30
1446,بانادول اكسترا احمر اقراص,3,108.00,86.40,324.00,259.20
2203,بانادول جوينت اقراص,1,67.00,48.75,67.00,48.75
598,بانادول كولد ان فلو اقراص,8,76.00,48.64,608.00,389.12
509,بانادول مايجرين,2,51.00,38.25,102.00,76.50
390,بانتازول 40مجم,2,104.00,72.80,208.00,145.60
559,بانتوبي 20مجم اقراص,1,94.00,63.92,94.00,63.92
548,بانتوبي 40مجم,1,96.00,65.28,96.00,65.28
746,بانتوجار كبسول,1,243.00,188.02,243.00,188.02
392,بانتولوك 40مجم,1,102.00,67.32,102.00,67.32
403,بانتولوك20مجم,1,56.00,34.16,56.00,34.16
695,بانثينول 15جم كريم,1,32.00,23.74,32.00,23.74
697,بانثينول 20جم كريم,3,38.00,27.73,114.00,83.19
696,بانثينول 30جم كريم نوفكس,1,33.00,24.08,33.00,24.08
412,بانثينول سبيكترا كريم شعر,1,59.50,38.08,59.50,38.08
15,باندولين كريم عادي,1,75.00,70.00,75.00,70.00
2334,باور جولد غيار ناموس,2,45.00,29.00,90.00,58.00
1945,باور كابس اقراص,8,40.00,27.00,320.00,216.00
2262,باوريكتا 10مجم اقراص استحلاب,1,69.00,48.16,69.00,48.16
370,باي كيتوجيست150مجم,2,81.00,51.30,162.00,102.60
368,باي-الكوفان150مجم,2,81.00,55.89,162.00,111.78
391,باي-بروفينيد 150مجم,1,54.00,36.18,54.00,36.18
549,ببتك كير 500مجم/500مجم/20مجم اقراص,0,230.00,165.60,0.00,0.00
2080,ببرونه بابيلز كلاسيك 260مل,1,145.00,120.00,145.00,120.00
1315,بدي اسبلاش ايفا ازرق,1,195.00,167.80,195.00,167.80
1313,بدي اسبلاش ايفا بينك,1,200.00,167.80,200.00,167.80
1562,بديالايت محلول جفاف,2,70.00,52.01,140.00,104.02
25,بديل زيت الو ايفا,1,85.00,75.00,85.00,75.00
1826,بديل زيت صبار ايفا,1,95.00,77.00,95.00,77.00
551,برادوزين0.5مجم اقراص استحلاب,1,34.00,22.40,34.00,22.40
367,برافوتين 14 كيس,1,180.00,133.20,180.00,133.20
2114,برايم روز بلاس اقراص,1,165.00,132.00,165.00,132.00
1284,برفان نيفرداي كبير,1,79.00,50.00,79.00,50.00
1410,برفكتوديل % 5محلول  موضعي,1,97.00,64.02,97.00,64.02
396,بركسين اقراص,1,34.00,19.38,34.00,19.38
1893,برمنجات البوتاسيوم,2,15.00,8.25,30.00,16.50
393,برناسورس 15جرام,1,110.00,77.00,110.00,77.00
1361,برو ايفو 120ملل,2,58.00,45.24,116.00,90.48
564,بروباميثون كريم 20جم,4,30.00,20.40,120.00,81.60
369,بروتوفكس20مجم,1,90.00,55.80,90.00,55.80
382,بروتوفكس40مجم,1,116.00,77.72,116.00,77.72
552,بروتولوك 20مجم اقراص,1,66.00,44.88,66.00,44.88
555,بروتولوك 40مجم اقراص,1,82.00,55.76,82.00,55.76
395,بروجيست 100مجم,1,100.00,88.00,100.00,88.00
379,بروجيست 200مجم,1,246.00,196.80,246.00,196.80
1877,بروجيست 400مجم لبوس مهبلي,1,255.00,220.00,255.00,220.00
1695,بروستريد5مجم اقراص,1,183.00,124.44,183.00,124.44
371,بروفين 200مجم,3,48.00,35.40,144.00,106.20
262,بروفين شراب,7,44.00,34.76,308.00,243.32
372,بروفين400مجم,3,78.00,53.82,234.00,161.46
373,بروكاسوفت1مجم,2,118.00,83.78,236.00,167.56
398,بروكاسوفت2مجم,1,118.00,83.87,118.00,83.87
408,بروكسيمول اقراص 0.4,1,34.00,20.40,34.00,20.40
415,بروكسيمول فوار,2,52.00,32.76,104.00,65.52
1521,برونتو جيست 100 مجم حقن,0,240.00,182.40,0.00,0.00
1817,برونتوبلس اقراص,2,40.00,31.05,80.00,62.10
376,برونتوجيست 200مجم,1,192.00,140.16,192.00,140.16
377,برونتوجيست 400مجم,1,372.00,271.56,372.00,271.56
417,برونشيكم شراب,1,69.00,46.23,69.00,46.23
405,برونكو برو نقط 30مجم,1,19.50,14.43,19.50,14.43
418,برونكوبرو شراب,2,35.00,22.05,70.00,44.10
2040,برونكوفين شراب,1,24.00,16.95,24.00,16.95
1767,بريتوبرازان 20 مجم اقراص,1,140.00,99.40,140.00,99.40
1872,بريجناكير اقراص,0,200.00,157.00,0.00,0.00
1763,بريدسول شراب كبير,5,57.00,40.47,285.00,202.35
1764,بريدسول فورت شراب,1,52.00,36.92,52.00,36.92
387,بريدوكايين 30جرام,4,55.00,38.50,220.00,154.00
852,بريزولين قطره للعين,3,23.00,16.10,69.00,48.30
561,بريستافلام 100مجم اقراص,1,102.00,73.44,102.00,73.44
1627,بريستو اقراص,1,160.00,123.30,160.00,123.30
563,بريمبران 10مجم اقراص,3,10.50,7.88,31.50,23.64
1651,بريمونيدين قطره للعين,2,44.50,32.00,89.00,64.00
554,بريميران امبول,0,60.00,45.00,0.00,0.00
1784,برينجو لوسيون,1,70.00,50.54,70.00,50.54
2031,بسكوبان  امبول,1,51.00,38.52,51.00,38.52
2018,بسكوبان امبول,0,51.00,39.83,0.00,0.00
514,بسكوبان عادي اقراص 10مجم,1,56.00,42.29,56.00,42.29
528,بكتيكلور 125مجم,1,73.00,56.21,73.00,56.21
263,بكتيكلور250جم,1,136.00,107.44,136.00,107.44
1508,بلادوجرا 25 مجم اقراص,0,255.00,189.40,0.00,0.00
113,بلاستر 5سم,6,45.00,32.50,270.00,195.00
2034,بلاستر طبي مدور,1,35.00,21.10,35.00,21.10
543,بلاستيجيك 20مجم,1,46.00,34.96,46.00,34.96
375,بلافيكارد75مجم,1,117.00,79.56,117.00,79.56
2277,بلافيكتونال 75مجم اقراص,1,78.00,55.56,78.00,55.56
394,بلافيكس 75مجم,1,311.00,236.36,311.00,236.36
1851,بلاكونيل 200مجم اقراص,1,246.00,182.04,246.00,182.04
1037,بلسم اسكاي لتر,1,82.00,60.00,82.00,60.00
1038,بلسم اسكاي لتر,1,82.00,60.00,82.00,60.00
1066,بلسم بلو لاين لتر للشعر التالف,1,80.00,58.50,80.00,58.50
1067,بلسم بلو لين بالافوكادو لتر,1,80.00,58.50,80.00,58.50
416,بلسم شراب كبار,1,75.00,60.00,75.00,60.00
1058,بلسم منعم للشعر بزبده الشيا 500 م,1,55.00,42.62,55.00,42.62
12,بلسم مينك,1,65.00,53.00,65.00,53.00
562,بلميكورت 0.25 فيال,6,564.00,473.76,3384.00,2842.56
942,بلميكورت 0.5 مجم,1,752.00,654.24,752.00,654.24
2326,بلميكورت 0.5مل,1,752.00,632.40,752.00,632.40
1972,بلنديل 5ملجم اقراص,1,81.00,64.80,81.00,64.80
1270,بلوب واكس ابيض 170ملل,1,45.00,32.75,45.00,32.75
1271,بلوب واكس اصفر 170ملل,1,45.00,32.75,45.00,32.75
556,بلوكاتنس 5/160مجم,1,150.00,102.00,150.00,102.00
550,بلوكاتنس 5/80مجم,0,122.00,82.96,0.00,0.00
383,بلوكيوم ديو اتينولول100مجم,2,25.00,18.75,50.00,37.50
11,بلولاين شامبو ثوم,2,75.00,55.00,150.00,110.00
1009,بلولين شاور 1000مل,2,75.00,59.50,150.00,119.00
401,بليتال 100مجم,1,144.00,105.12,144.00,105.12
1437,بليجيكا قطره للعين,2,27.00,21.60,54.00,43.20
422,بنتافلو شراب,1,34.00,25.84,34.00,25.84
421,بنتاكولد شراب,2,32.00,25.60,64.00,51.20
413,بنتامكس شراب,3,49.00,33.81,147.00,101.43
1514,بنداكس 200مجم اقراص,4,23.00,17.48,92.00,69.92
414,بنداكس شراب,2,39.00,28.00,78.00,56.00
1661,بندولين كريم 150 مجم اطفال,1,95.00,80.00,95.00,80.00
2273,بندولين كريم بزبده الشيا,1,140.00,119.00,140.00,119.00
1473,بندولين لوشن 200 مل,1,140.00,117.00,140.00,117.00
1033,بوبانا قناع الذهب,1,70.00,49.50,70.00,49.50
1032,بوبانا قناع الفحم,1,70.00,49.50,70.00,49.50
1216,بودره ايفا قدم,2,40.00,32.00,80.00,64.00
1660,بودره تلك 5 خمسات,1,30.00,20.00,30.00,20.00
1415,بودره سلفا للجروح,3,10.00,6.60,30.00,19.80
2097,بودى لشيوس رول اون مزيل عرق,1,55.00,45.10,55.00,45.10
525,بوديكسان0.5مل,0,398.00,318.40,0.00,0.00
512,بورجازون كريم 20جم,3,35.00,25.20,105.00,75.60
1704,بورجازون محلول 20جم,2,33.00,24.42,66.00,48.84
404,بوسبار10جم اقراص,1,53.00,37.63,53.00,37.63
400,بولي فريش قطره,2,63.00,49.14,126.00,98.28
1622,بون كير 1مجم اقراص,2,132.00,93.85,264.00,187.70
513,بون كير0.5ك,1,129.00,94.17,129.00,94.17
1672,بي اي ايه اقراص,1,120.00,93.60,120.00,93.60
1785,بي بي سي محلول اسبراي,2,49.00,35.37,98.00,70.74
2066,بي فريش بالنعناع,1,37.00,27.50,37.00,27.50
610,بي كوم امبول,0,48.00,38.40,0.00,0.00
721,بي كي-ميرز 100مجم-اقراص,1,81.00,52.65,81.00,52.65
409,بي-فريش مضمضه اخضر,2,27.00,18.63,54.00,37.26
410,بي-فريش مضمضه ازرق,1,27.00,18.36,27.00,18.36
1697,بيبانثين كريم مرطب,2,207.50,150.90,415.00,301.80
511,بيبتون شراب خالي,1,35.00,27.30,35.00,27.30
510,بيبتون شراب عادي,1,35.00,27.30,35.00,27.30
397,بيبرا اقراص,1,154.50,100.42,154.50,100.42
1364,بيبزول 20مجم,1,47.00,32.43,47.00,32.43
378,بيبزول 40مجم,2,81.00,57.51,162.00,115.02
99,بيبي جوي 1,0,285.00,245.00,0.00,0.00
981,بيبي جوي 1,0,285.00,250.00,0.00,0.00
104,بيبي جوي 2,0,285.00,245.00,0.00,0.00
102,بيبي جوي 3,0,350.00,297.00,0.00,0.00
980,بيبي جوي 4,1,340.00,300.00,340.00,300.00
103,بيبي جوي 5,1,390.00,338.40,390.00,338.40
1859,بيبي رليف 12.5 مجم لبوس,1,36.00,25.91,36.00,25.91
1858,بيبي رليف 25مجم لبوس,1,38.00,27.35,38.00,27.35
1443,بيبيلاك 1,1,310.00,279.00,310.00,279.00
1442,بيبيلاك 2,1,310.00,275.90,310.00,275.90
2115,بيتاديرم كريم كبير,2,23.00,17.94,46.00,35.88
1202,بيتاديرم مرهم صغير,3,18.00,12.78,54.00,38.34
895,بيتادين  دش,1,80.00,64.00,80.00,64.00
547,بيتادين 120 نيل مطهر,2,80.00,64.00,160.00,128.00
266,بيتادين شامبو صغير,2,55.00,44.00,110.00,88.00
1714,بيتادين محلول مطهر 60ملل,1,55.00,47.30,55.00,47.30
388,بيتاسيرك 16مجم,1,219.00,164.25,219.00,164.25
384,بيتاسيرك 8مجم,1,160.00,121.60,160.00,121.60
380,بيتاسيرك24مجم 40 قرص,1,218.00,165.68,218.00,165.68
531,بيتافوس امبول,2,31.00,24.80,62.00,49.60
544,بيتاليرج اقراص,1,42.00,33.60,42.00,33.60
2122,بيتولفكس  حقن,1,110.00,85.69,110.00,85.69
540,بيدرو بخاخ منعش للفم,1,69.95,47.57,69.95,47.57
536,بيدرو سيرم,1,160.00,108.80,160.00,108.80
939,بيدرو شامبو لتساقط الشعر,1,125.00,85.00,125.00,85.00
420,بيديكال شراب,1,52.00,41.08,52.00,41.08
1522,بيديكال شراب,2,65.00,52.00,130.00,104.00
1204,بيرجاتون20مجم,2,51.00,34.17,102.00,68.34
545,بيرلوك 40مجم اقراص,1,75.00,54.75,75.00,54.75
1935,بيرناواي 20 مجم اقراص,2,78.00,60.06,156.00,120.12
381,بيزوكارد2.5مجم,0,51.00,38.76,0.00,0.00
385,بيزوكارد5مجم,1,63.00,44.73,63.00,44.73
386,بيزوكاردبلس5 مجم,1,63.00,44.73,63.00,44.73
260,بيسلفون شراب,2,35.00,28.00,70.00,56.00
829,بيفاتراسين بخاخ 150مللي,4,83.00,58.93,332.00,235.72
145,بيكتول استحلاب  برتقال,0,600.00,380.00,0.00,0.00
938,بيكوزيم محلول حقن,0,120.00,93.60,0.00,0.00
837,بيكولاكس نقط,3,24.00,19.20,72.00,57.60
534,بيلاستيجيك 2.5مجم شراب,1,54.00,41.04,54.00,41.04
1615,بينسيلونج حقن,2,25.00,14.22,50.00,28.44
2323,بينوكس قطرة,1,23.00,17.07,23.00,17.07
2003,بيوديلايزر 400 مجم كبسولات استنشاق,0,255.00,189.20,0.00,0.00
1667,بيور كحل اسبراي,3,18.00,10.75,54.00,32.25
2230,بيورلان كريم,1,35.00,25.30,35.00,25.30
1783,بيوفيت ب 12 امبول,3,28.00,20.21,84.00,60.63
2182,تادالونج 5مجم اقراص,1,187.50,136.10,187.50,136.10
1631,تارجو فلوكسين 750مجم,0,188.00,141.00,0.00,0.00
699,تاروليمس مرهم,1,129.00,94.16,129.00,94.16
668,تافاستين 500مجم اقراص,1,90.00,65.69,90.00,65.69
680,تافاسين750مجم اقراص,1,96.00,70.07,96.00,70.07
673,تافانيك 500مجم اقراص,2,192.00,140.15,384.00,280.30
1495,تامسولين اقراص,1,124.00,89.28,124.00,89.28
222,تانتم اخضر,2,31.00,19.22,62.00,38.44
940,تايمر قطره,2,66.00,52.14,132.00,104.28
223,تجريتول 200 عادى,4,89.00,71.20,356.00,284.80
2151,تجريتول 400مجم اقراص,1,106.00,77.80,106.00,77.80
224,تجريتول ممتد المفعول 200,1,61.00,48.80,61.00,48.80
678,تراى ليرج قطره لحساسيه العين,2,24.00,17.51,48.00,35.02
1831,تراي تكت صابونه,1,60.00,46.92,60.00,46.92
1647,تراي- بيتابرونات كريم,1,36.00,27.87,36.00,27.87
226,ترايتون 100 مجم,2,72.00,49.68,144.00,99.36
863,ترايتون 200 جرام اقراص,1,123.00,94.71,123.00,94.71
2183,ترايتون 50مجم امبول,0,60.00,50.00,0.00,0.00
685,ترايكتين اقراص 4مجم,1,46.00,35.42,46.00,35.42
674,ترايكتين شراب,2,42.00,30.65,84.00,61.30
2007,ترايميلزما كريم,1,59.00,43.61,59.00,43.61
1673,تراينيز اقراص,1,130.00,104.00,130.00,104.00
860,تربتيزول 25 جرام اقراص,1,33.00,23.10,33.00,23.10
1800,تربسالين اقراص,1,150.00,111.00,150.00,111.00
1703,تربسالين بلس,0,160.00,112.99,0.00,0.00
229,ترنتال 400 ممتد المفعول,1,86.00,60.20,86.00,60.20
1176,تروسبامكسين 20 مجم اقراص,1,80.00,58.80,80.00,58.80
1452,ترويا كير لوسيون 120 مل,1,220.00,160.60,220.00,160.60
669,تريامريكان 1جم حقنه عضل,4,56.00,40.87,224.00,163.48
684,تريبتزول 10مجم,2,30.00,21.89,60.00,43.78
2235,تريبليكسام 5/1.25/5مجم اقراص,1,146.00,106.50,146.00,106.50
676,تريتاس 1.25 مجم اقراص,1,44.00,32.11,44.00,32.11
675,تريتاس 2.5 مجم اقراص,1,54.00,39.41,54.00,39.41
677,تريتاس 5 مجم اقراص,1,76.00,55.47,76.00,55.47
2127,تريتوكانديفاج كريم مهبلي,1,123.00,95.57,123.00,95.57
1475,تريزمي بلسم 400 مل للشعر الكيرلي,1,210.00,150.00,210.00,150.00
288,تريفلوكان اقراص 150 مجم,1,28.00,19.88,28.00,19.88
1601,تكساكورت %0.1 كريم,2,22.00,16.06,44.00,32.12
1677,تكنوسبيرون3مجم اقراص,1,84.00,67.20,84.00,67.20
666,تكنوفيولا 50مجم اقراص,1,70.00,51.09,70.00,51.09
230,تلفاست 120 مجم لحساسيه الانف,1,116.00,84.00,116.00,84.00
693,تلفاست 180مجم اقراص,1,160.00,117.00,160.00,117.00
682,تلفاست شراب,6,50.00,36.49,300.00,218.94
2204,تلفاست مزيل للاحتقان 60/120 مجم اقراص,5,63.00,44.25,315.00,221.25
1738,تمارا كريم كبير,1,30.00,22.49,30.00,22.49
2223,تمبورال 1جم اقراص,1,40.00,28.50,40.00,28.50
1184,تنيفلو كساسين مضاد بكتيرى,1,152.00,98.80,152.00,98.80
941,توبراداكس مرهم,2,42.50,27.62,85.00,55.24
911,توبرادكس  قطره,2,52.00,37.95,104.00,75.90
919,توبرو اكياس,1,130.00,94.89,130.00,94.89
665,توبرين قطره معقم للعين,3,23.00,16.78,69.00,50.34
1591,توبرين مرهم للعين,4,23.00,17.68,92.00,70.72
2267,توبمود 50مجم اقراص,0,30.00,19.20,0.00,0.00
1752,توبوبرازان 20 مجم اقراص,1,100.00,64.00,100.00,64.00
687,توبي جينت ديليكت غسول وجه,1,230.00,167.89,230.00,167.89
2047,توجو سولوستار 3 افلام,0,1416.00,1129.00,0.00,0.00
1942,تورسامولكس 20 مجم اقراص,1,62.00,45.01,62.00,45.01
2005,تورسيريتك 100مجم اقراص,1,261.00,192.95,261.00,192.95
1731,تورسيريتك 20 مجم اقراص,1,123.00,81.18,123.00,81.18
884,توسكان شراب,3,24.00,19.20,72.00,57.60
672,توسيستوب شراب للسعال,3,49.00,35.76,147.00,107.28
219,توسيفان,2,34.00,22.44,68.00,44.88
2091,تولانجو فيت شراب,1,95.00,65.55,95.00,65.55
2287,تولانجو-سليم اقراص,1,270.00,189.00,270.00,189.00
2285,تونادوجيست اقراص,0,198.00,148.12,0.00,0.00
1913,تي 4 -ثيرو 100مجم اقراص,3,58.00,52.50,174.00,157.50
1710,تيبونينا فورت 40مجم اقراص,1,90.00,63.90,90.00,63.90
1489,تيراتيام 1000مجم اقراص,1,288.00,209.83,288.00,209.83
933,تيراميسين مرهم,1,28.00,26.00,28.00,26.00
692,تيربن كريم,1,16.50,12.04,16.50,12.04
220,تيرز جارد,3,39.00,24.00,117.00,72.00
681,تيكانيز بلس بخاخ,1,92.00,67.15,92.00,67.15
698,تيكانيز عادي بخاخ,1,70.00,51.09,70.00,51.09
679,تيليو ايزيس صغير,2,17.50,12.77,35.00,25.54
286,تيمولول %5,3,19.00,15.20,57.00,45.60
686,ثيروكسين 50م 100قرص,4,46.00,33.57,184.00,134.28
1788,ثيروكسين اقراص 100مجم,1,58.00,41.87,58.00,41.87
1954,ثيوتاسيد مركب 300 اقراص,1,168.00,126.33,168.00,126.33
1629,ثيوتاسيد مركب 600 اقراص,1,249.00,191.90,249.00,191.90
1973,ثيوتاسيد600اورجينال اقراص,1,245.00,186.20,245.00,186.20
1984,ثيوتكس فورت 600مجم اقراص,0,255.00,191.20,0.00,0.00
1170,جابابنتين 600 مجم اقراص,1,86.00,70.58,86.00,70.58
1679,جاباليبسي 300مجم اقراص,1,135.00,98.89,135.00,98.89
491,جابتين 100مجم,0,81.00,55.00,0.00,0.00
664,جابتين 300 مجم اقراص,2,126.00,91.97,252.00,183.94
667,جابتين 400مجم اقراص,1,156.00,113.87,156.00,113.87
227,جابيماش 300مجم,1,114.00,67.26,114.00,67.26
1755,جاراميسين 80مجم حقن,0,60.00,45.84,0.00,0.00
609,جاراميسين كريم,2,22.00,15.84,44.00,31.68
730,جاراميسين مرهم,2,22.00,14.30,44.00,28.60
1210,جارنييه غسول للوجه بالفيتامين سي و الليمون 100 م,1,90.00,60.75,90.00,60.75
1211,جارنييه غسول للوجه بالليمون,1,60.00,38.50,60.00,38.50
1638,جاروبرايد 50 مجم اقراص,0,63.00,47.25,0.00,0.00
1844,جاست ريج 50مجم امبول,2,33.00,25.04,66.00,50.08
1782,جاست ريج شراب,2,33.00,23.82,66.00,47.64
216,جاست-ريج 100جم,2,72.00,49.68,144.00,99.36
217,جاست-ريج 200جم,2,84.00,57.46,168.00,114.92
283,جاسترازول 20جم,2,42.40,33.07,84.80,66.14
1181,جاستروتيدين امبول,5,54.00,43.00,270.00,215.00
225,جاسترولوك 40 مجم,1,79.00,51.35,79.00,51.35
724,جاستروموتيل 5مجم/5مللي شراب,3,24.00,15.60,72.00,46.80
690,جاستروموتيل اقراص,1,15.00,10.20,15.00,10.20
857,جافيسكون لحرقة المعده,1,288.00,230.40,288.00,230.40
1967,جاكودان غسول,1,160.00,120.00,160.00,120.00
215,جاناتون,2,90.00,61.20,180.00,122.40
694,جانتوليف 50مجم اقراص,1,60.00,43.79,60.00,43.79
245,جاوتيفيد 40 مجم اقراص,0,90.00,64.80,0.00,0.00
221,جاوتيفيد/80جم,1,123.00,87.33,123.00,87.33
994,جدا اولويز الترا,1,70.00,63.00,70.00,63.00
1860,جرانيتريل 2مجم اقراص,1,300.00,215.90,300.00,215.90
597,جروث فورميلا اطفال,1,249.50,197.10,249.50,197.10
2067,جروث فورميلا كبار شوكولاته,1,245.00,190.10,245.00,190.10
2056,جرينكس سبوتلس كريم,1,25.00,19.17,25.00,19.17
1282,جل فاتيكا انبوبه,1,30.00,23.25,30.00,23.25
2172,جل كعب غزال,1,20.00,15.00,20.00,15.00
1234,جل مان لوك 250م,1,50.00,36.85,50.00,36.85
1235,جل مان لوك كيرلي 250 م,1,50.00,36.85,50.00,36.85
2010,جلاريل 4مجم اقراص,1,45.00,33.07,45.00,33.07
2304,جلايتيفيا بلس 50/1000اقراص,1,168.00,130.00,168.00,130.00
1399,جلسرين طبى 60مل,2,20.00,15.00,40.00,30.00
2335,جلوري حنه اسود,1,40.00,32.90,40.00,32.90
289,جلوكوفاج 1000اقراص,3,54.00,43.20,162.00,129.60
2129,جلوكوفاج 500مجم اقراص,5,60.00,46.62,300.00,233.10
1845,جلوكوفاج اكس ار 1000مجم اقراص,0,126.00,95.63,0.00,0.00
689,جلوكوفانس 5/500مجم اقراص,2,74.00,54.01,148.00,108.02
1732,جليبتس 50مجم اقراص,2,151.50,110.50,303.00,221.00
1596,جليبتس بلس 50/1000 مجم اقراص,1,192.00,147.60,192.00,147.60
228,جليسرين لبوس كبار,2,12.00,8.76,24.00,17.52
2028,جليسرين لعلاج الامساك للاطفال,9,12.00,9.09,108.00,81.81
849,جليسرين للاطفال 735.9,1,19.00,13.68,19.00,13.68
210,جليمت فورت 5/800مجم اقراص,2,66.00,60.00,132.00,120.00
1441,جنكو بلس اقراص,1,45.00,33.75,45.00,33.75
961,جنكوبيلوبا كبسول,2,186.00,148.80,372.00,297.60
1346,جهاز محلول ماسكو,3,12.00,7.00,36.00,21.00
1332,جوانتى لاتكس,1,250.00,170.00,250.00,170.00
1459,جوانتي عمال ثقيل,2,45.00,30.00,90.00,60.00
2152,جوسبرين 81 مجم اقراص,3,81.00,59.45,243.00,178.35
2316,جولد دش بلس,1,85.00,66.50,85.00,66.50
66,جونسن مرطب,1,70.00,50.00,70.00,50.00
1194,جوينتا اقراص,1,340.00,238.00,340.00,238.00
213,جوينتونكس,1,300.00,219.00,300.00,219.00
671,جى سى مول فورا  للبرد,2,25.00,18.24,50.00,36.48
2155,جيت اقراص,1,132.00,101.30,132.00,101.30
214,جيسترانيل,1,54.00,39.96,54.00,39.96
1628,جيفلوج  25 مجم اقراص,2,183.00,137.25,366.00,274.50
1922,جيفلوج 10مجم اقراص,1,183.00,137.25,183.00,137.25
1317,جيل صبار اخضر,1,25.00,15.75,25.00,15.75
1299,جيل صبار ايفونا 250 م,1,27.00,18.00,27.00,18.00
1861,جينكوستازين كبسول,1,120.00,86.39,120.00,86.39
1626,جينو دكتارين كريم,1,59.00,45.48,59.00,45.48
663,جينوترا 600مجم لبوس,2,33.00,24.08,66.00,48.16
762,جينوزول 200مجم,0,32.00,24.76,0.00,0.00
209,جينوكونازول,1,36.00,24.31,36.00,24.31
1195,جينوكونازول 80مجم لبوس,2,53.00,42.40,106.00,84.80
1962,جينوكونازول% 0.08كريم,2,46.00,33.58,92.00,67.16
930,جينيرا اقراص,1,124.00,109.12,124.00,109.12
1389,حامل زراع كبار زولا عادى,4,58.00,23.00,232.00,92.00
1659,حلق طبي,3,10.00,6.90,30.00,20.70
1477,حلمه بوبي ف علبه,1,15.00,9.25,15.00,9.25
1894,حلمه فانى بيبي,3,10.00,5.00,30.00,15.00
2139,حلمه لاكي بيبي,1,12.00,8.55,12.00,8.55
1426,حمام كريم كليوباترا 700 مل,1,70.00,50.00,70.00,50.00
1250,حمام كريم منك 1000 م  بني,1,95.00,72.25,95.00,72.25
1255,حمام كريم منك 400 جوز هند,1,60.00,49.00,60.00,49.00
1251,حمام كريم منك اخضر 1000 م,1,95.00,72.25,95.00,72.25
1253,حمام كريم منك نصف كيلو,1,55.00,41.55,55.00,41.55
1213,حنه جلوري اسود,1,40.00,32.45,40.00,32.45
44,حنه جلوري بني,4,40.00,31.00,160.00,124.00
1212,حنه جلوري بني,2,40.00,32.45,80.00,64.90
71,حنه جلوري كستاني,3,40.00,31.00,120.00,93.00
1311,حنه جوليشا انبوبه كبيره رسم,1,37.00,28.90,37.00,28.90
2264,حنه جومانه للاظافر,1,15.00,10.00,15.00,10.00
1304,خافض لسان خشب,1,50.00,29.15,50.00,29.15
2336,خلة اسنان بلاستيك,2,18.00,9.30,36.00,18.60
1229,خله اسنان,14,7.00,4.90,98.00,68.60
1997,خله اسنان بلاستيك,1,15.00,9.62,15.00,9.62
1401,خله اسنان وسط,1,17.00,10.00,17.00,10.00
2314,خميره مرفل اقراص,1,40.00,26.00,40.00,26.00
1584,دابابليكس 10مجم اقراص,1,186.00,141.36,186.00,141.36
1848,دابابليكس مت 10/1000مجم اقراص,1,216.00,164.10,216.00,164.10
2332,داباجلوزا 10مجم اقراص,1,298.50,214.90,298.50,214.90
1929,دابافيلداكتين بلس 5/1000 مجم اقراص,1,200.00,144.00,200.00,144.00
2261,دابافيلداكتين بلس 5/1000مجم اقراص,2,200.00,150.00,400.00,300.00
1076,دابر املا 50مل,1,28.00,23.00,28.00,23.00
1077,دابر املا بالياسمين 90مل,1,53.00,42.00,53.00,42.00
1493,دافاليندى 200.000وحده حقن,3,56.00,46.48,168.00,139.44
869,دافاليندي 10000 وحده اقراص,1,78.00,62.40,78.00,62.40
1570,دافاليندي 5000 ود اقراص,1,55.00,40.81,55.00,40.81
301,دافلون1000مجم,0,285.00,208.05,0.00,0.00
300,دافلون500مجم,0,190.00,140.60,0.00,0.00
931,دالاسين سي كبسول,1,114.00,88.92,114.00,88.92
932,دالاسين كريم مهبلي,1,58.50,46.80,58.50,46.80
652,دانتريلاكس  كبسولة 25مجم,0,147.00,105.64,0.00,0.00
651,دانتريلاكس  مركب,1,153.00,109.95,153.00,109.95
655,دانست4مجم امبول,2,82.50,59.29,165.00,118.58
659,دانست8مجم امبولات,1,142.50,102.41,142.50,102.41
830,داونستيرولين 20/10,1,122.00,90.28,122.00,90.28
828,داونستيرولين 40/10مم,1,160.00,110.40,160.00,110.40
646,داونوبرازول 20مجم كبسول,1,74.00,53.18,74.00,53.18
633,داونوبرازول 40مجم كبسول,1,95.00,68.27,95.00,68.27
294,دايجست ايزي اقراص,1,94.00,67.68,94.00,67.68
298,دايجيستوزيم اقراص,3,62.00,41.54,186.00,124.62
303,دايجينورم شراب,3,55.00,41.25,165.00,123.75
295,دايسينون 500مجم,1,102.00,81.20,102.00,81.20
281,دايسينون مضاد للنزيف 250مجم امبول,2,42.00,32.76,84.00,65.52
1600,دايموند ايميفوليك اقراص,1,129.00,94.17,129.00,94.17
1898,دراكون مزيل عرق,1,220.00,170.80,220.00,170.80
711,درامينكس 50مجم اقراص,1,28.00,20.12,28.00,20.12
1760,دكتارين كريم,4,28.00,19.34,112.00,77.36
1217,دكتاكورت 15 مجم,1,25.00,20.00,25.00,20.00
1853,دكتاكورت كريم,1,48.00,42.72,48.00,42.72
1509,دلبانتو 40 مجم اقراص,1,84.00,52.92,84.00,52.92
953,دلتارينو بخاخ للانف,2,30.00,22.80,60.00,45.60
639,دلتاكلاف 642.9مجم شراب,2,108.00,77.61,216.00,155.22
617,دنتينوكس نقط اطفال,1,103.00,85.49,103.00,85.49
1606,دوجماتيل 50 مجم اقراص,1,63.00,49.14,63.00,49.14
713,دوجماتيل فورت 200مجم,2,40.00,28.74,80.00,57.48
2174,دوركو حريمي 2 شفره,1,30.00,18.00,30.00,18.00
1330,دوركو شفرات حريمى,1,85.00,66.75,85.00,66.75
299,دورميفال كبسول,1,30.00,21.90,30.00,21.90
949,دوروفين كبسول,0,153.00,116.28,0.00,0.00
1408,دوزين 1مجم اقراص,1,22.00,17.16,22.00,17.16
1949,دوف شامبو 180 ضد التساقط,1,85.00,68.00,85.00,68.00
26,دوف مزيل عرق,1,95.00,80.00,95.00,80.00
700,دوفاستون 10مجم اقراص,2,386.00,277.40,772.00,554.80
1551,دوفلاك شراب,2,143.00,111.30,286.00,222.60
296,دوكسيرازول 30مجم,1,65.00,48.75,65.00,48.75
701,دوكسيكوست200مجم اقراص,1,43.00,30.90,43.00,30.90
703,دولسيل 2مجم اقراص,1,48.00,34.49,48.00,34.49
710,دولسيل3مجم اقراص,1,54.00,38.80,54.00,38.80
302,دولسيل4مجم,1,51.00,33.15,51.00,33.15
635,دولفن 12.5 لبوس,3,36.00,25.87,108.00,77.61
638,دولفين 25مجم لبوس,1,38.00,27.30,38.00,27.30
1939,دولو دي بلس شراب,1,41.00,31.16,41.00,31.16
1200,دولو-دي شراب,6,37.00,29.60,222.00,177.60
2093,دولوكسبرين 20مجم اقراص,1,148.00,103.60,148.00,103.60
632,دولوكسبرين 30مجم اقراص,2,180.00,129.36,360.00,258.72
831,دوليبران 1000مجم,4,48.00,32.16,192.00,128.64
240,دوليبران1000مجم,1,60.00,40.20,60.00,40.20
640,دومبيريدون اقراص,1,26.00,18.68,26.00,18.68
2020,دي جي ووش,1,35.00,27.33,35.00,27.33
2120,دي ديب 10000 جم اقراص,1,300.00,233.70,300.00,233.70
2308,دي ديب 1000مجم كبسول,2,200.00,155.00,400.00,310.00
2345,دياستوب شراب,1,30.00,21.50,30.00,21.50
657,دياسميكت اكياس,1,21.00,15.09,21.00,15.09
650,دياسيرين50مجم اقراص,1,156.00,112.11,156.00,112.11
233,ديافانس500/5مجم,1,34.50,24.15,34.50,24.15
1753,ديافلوزيمت 10/1000 مجم اقراص,1,258.00,185.70,258.00,185.70
2206,ديافلوزيمت 10/500مجم اقراص,1,258.00,171.69,258.00,171.69
1869,ديافلوزيمت 5/500 مجم اقراص,1,190.50,140.20,190.50,140.20
821,ديافلوزيمت 500مجم اقراص,1,190.50,137.16,190.50,137.16
712,دياكس كبسولات,1,21.00,15.09,21.00,15.09
2042,دياكيوريماب 10 مجم اقراص,2,204.00,144.10,408.00,288.20
232,دياميكرون 30ام ار,1,60.00,42.60,60.00,42.60
231,دياميكرون 60ام ار,1,156.00,122.14,156.00,122.14
1192,ديباكين 500مم كرونو اقراص,1,144.00,106.48,144.00,106.48
1792,ديبرو ساليك محلول,1,43.00,28.98,43.00,28.98
1402,ديبرودنت معجون اسنان 13مل,1,45.00,33.00,45.00,33.00
709,ديبروساليك مرهم,2,28.00,20.12,56.00,40.24
269,ديبو -بن فيال امبول,3,25.00,15.00,75.00,45.00
876,ديبوفورت ب12 حقن,2,55.00,42.90,110.00,85.80
241,ديبوفيت امبول,1,85.00,56.95,85.00,56.95
959,ديبوكايين 2% مخدر,1,33.00,28.38,33.00,28.38
1462,ديتول سائل 50 مل,2,37.00,29.50,74.00,59.00
2298,ديتول سائل125جم,2,85.00,66.20,170.00,132.40
1024,ديتول صابون الاصلى وسط,1,30.00,25.00,30.00,25.00
1022,ديتول صابون كوول,2,45.00,37.50,90.00,75.00
218,ديجستين,2,42.00,28.14,84.00,56.28
236,ديرماتين كريم,4,15.00,10.50,60.00,42.00
2236,ديرموتراسين سبراي,1,70.00,52.00,70.00,52.00
729,ديرموفيت كريم موضعي 25جم,6,44.00,28.60,264.00,171.60
1375,ديرموفيت مرهم,1,44.00,35.00,44.00,35.00
524,ديسا اقراص 5مجم,2,70.00,46.90,140.00,93.80
707,ديسبركام جيل صغير,1,12.50,8.98,12.50,8.98
2130,ديفارت د3 اقراص,0,75.00,58.27,0.00,0.00
1675,ديفارول-اس امبول200000,2,34.00,27.20,68.00,54.40
2266,ديفلوستيرو قطره للعين,1,45.00,34.00,45.00,34.00
935,ديفلوكان150مجم كبسول,2,111.00,79.77,222.00,159.54
257,ديفيتون دي قطره,2,40.00,32.00,80.00,64.00
643,ديفيدو 75ملجم كبسول,1,141.00,101.33,141.00,101.33
1791,ديكابرينو حقن,0,58.00,39.09,0.00,0.00
2205,ديكانست اس ار اقراص,1,42.00,28.50,42.00,28.50
1448,ديكساترول قطره,4,27.00,18.90,108.00,75.60
2123,ديكساتوبرين قطره عين,1,37.00,24.42,37.00,24.42
1812,ديكساتوبرين مرهم,2,37.00,27.97,74.00,55.94
612,ديكسازون 0.5مجم اقراص,2,51.00,35.70,102.00,71.40
1722,ديكسافلوكس قطره للعين 5مل,1,53.00,37.00,53.00,37.00
234,ديكساميثازون العمريه,11,36.00,21.24,396.00,233.64
658,ديكساميثازون حقن,10,65.00,46.71,650.00,467.10
2245,ديكسفيت 10000وحده دوليه اقراص,0,110.00,86.90,0.00,0.00
900,ديكلاك  اي دي 150 جرام اقراص,1,132.00,87.12,132.00,87.12
901,ديكلاك اي دي 75جرام اقراص,1,135.00,95.79,135.00,95.79
934,ديكلاك3مل /75مجم امبول,2,55.00,44.00,110.00,88.00
605,ديكلوفين امبولات 75مجم,3,36.00,24.84,108.00,74.52
648,ديكلوفين جيل,1,29.00,20.84,29.00,20.84
607,ديكلوفين فاست اكياس,1,34.00,25.84,34.00,25.84
653,ديكونجستيل -ان لبوس,2,56.00,40.24,112.00,80.48
636,ديلاترول 25مجم,1,75.00,53.90,75.00,53.90
2238,ديلاركس 5مجم اقراص,1,72.00,54.00,72.00,54.00
641,ديلاركس شراب,1,13.50,9.07,13.50,9.07
946,ديلزوسين 600مجم  اقراص,1,104.00,74.74,104.00,74.74
603,ديمرا اقراص,0,70.00,49.70,0.00,0.00
2142,ديميكاب غسول,1,194.00,143.08,194.00,143.08
2307,ديوري اكياس,1,105.00,78.70,105.00,78.70
627,ديوريسف 1جم اقراص,1,78.00,56.05,78.00,56.05
601,ديوريسف 500مجم شراب,2,78.00,56.94,156.00,113.88
602,ديوريسف 500مجم كبسول,2,72.00,55.00,144.00,110.00
2159,ديوريسف شراب 250مجم,1,49.00,36.08,49.00,36.08
604,ديوزمين بلس اقراص,1,111.00,83.25,111.00,83.25
1920,ديوسيد_سي اقراص,1,76.00,54.72,76.00,54.72
1961,رابيبراكيرل 20مجم اقراص,1,132.00,92.40,132.00,92.40
2119,راكوتين كريم,1,95.00,74.00,95.00,74.00
1926,راميتاكس 0.5مجم فيال,3,29.00,21.60,87.00,64.80
660,راميتاكس 1جم,4,44.00,31.62,176.00,126.48
2327,راميسفتراكس 1مجم حقن,4,56.00,40.32,224.00,161.28
2237,راميكسول 0.25 اقراص,1,48.00,36.00,48.00,36.00
611,رانسيف 500مجم اقراص,1,69.00,49.68,69.00,49.68
630,راني -ف فوار اكياس,4,42.00,30.18,168.00,120.72
1567,رايت بون 15 مل نقط,2,135.00,93.96,270.00,187.92
1349,رباط ضاغط  6 سم,4,17.00,7.31,68.00,29.24
1352,رباط ضاغط 10 سم,3,25.00,11.55,75.00,34.65
1388,رباط ضاغط 12 زولا,2,33.00,14.50,66.00,29.00
1351,رباط ضاغط 15 سم,2,33.00,17.35,66.00,34.70
1350,رباط ضاغط 8 سم,2,19.00,9.50,38.00,19.00
1733,رجكور 10مجم اقراص,1,16.00,12.48,16.00,12.48
1563,رجيماكس 120 مجم اقراص,0,240.00,167.04,0.00,0.00
1355,رست اسبورت زولا,2,25.00,11.50,50.00,23.00
1357,رست بريس زولا,1,50.00,26.00,50.00,26.00
1356,رست شراب زولا,2,40.00,20.00,80.00,40.00
1353,ركبه زولا,4,60.00,30.00,240.00,120.00
616,رواتينكس كبسولات,1,72.00,49.68,72.00,49.68
622,رواكول اقراص,3,72.00,46.80,216.00,140.40
1725,روتا نيد كالامين 120مل,1,47.00,29.14,47.00,29.14
271,روتاسي 60 اقراص,2,32.00,24.80,64.00,49.60
621,روتاهلكس ثايم استحلاب,1,140.00,103.60,140.00,103.60
625,روتاهيلكس ادفانس نقط,1,75.00,54.75,75.00,54.75
615,روتاهيلكس شراب120مل,3,55.00,36.85,165.00,110.55
1664,روح خل,3,10.00,7.10,30.00,21.30
1728,روزاسيف اقراص,1,120.00,86.40,120.00,86.40
1031,روزان الماسك الفحم,2,40.00,30.50,80.00,61.00
1905,روزو فاست 10مجم اقراص,1,98.00,70.15,98.00,70.15
626,روزوفاست 20مجم,3,118.00,87.32,354.00,261.96
1928,روسوفاستاتين 20مجم اقراص,1,66.00,48.00,66.00,48.00
2083,روكسيكام حقن,6,26.00,19.00,156.00,114.00
2168,روماتيزين كريم,1,35.00,26.74,35.00,26.74
2291,روماكسيماب 90مجم اقراص,0,156.00,114.00,0.00,0.00
1873,ريفابيداكس 10مجم اقراص,0,259.00,204.00,0.00,0.00
634,ريفارست بلس مهبلي,1,85.00,61.08,85.00,61.08
1203,ريفاروسبير اقراص,1,254.00,182.80,254.00,182.80
618,ريفاروسبير20مجم,1,364.00,269.36,364.00,269.36
1915,ريفافلوفا 20مجم اقراص,3,260.00,188.90,780.00,566.70
874,ريفو اقراص,1,141.00,105.75,141.00,105.75
1466,ريكسونا اسبراي حريمي ضدد التعرق,1,165.00,128.00,165.00,128.00
43,ريكسونا بخاخ,1,135.00,92.50,135.00,92.50
45,ريكسونا بخاخ,1,135.00,92.50,135.00,92.50
19,ريكسونا بليه كبير,1,70.00,60.00,70.00,60.00
656,ريكوكسيبرايت60مجم اقراص,1,188.00,135.11,188.00,135.11
1621,ريلاكسون اقراص,1,69.00,49.50,69.00,49.50
2117,ريموواكس قطره اذن,1,24.00,17.47,24.00,17.47
1691,رينال اس ان فوار,1,30.00,22.97,30.00,22.97
705,رينكس للاطفال10مللي,2,18.00,12.93,36.00,25.86
704,رينكس نقط كبار,2,18.00,12.93,36.00,25.86
614,رينو كالم شراب,2,40.00,25.20,80.00,50.40
267,رينوبرو شراب,3,36.00,27.72,108.00,83.16
290,رينوبرو كبسول,1,90.00,63.00,90.00,63.00
613,رينومول شراب,2,31.00,21.39,62.00,42.78
1565,زارو جل جيل موضعي,2,19.00,13.22,38.00,26.44
1648,زالاتان قطره,2,228.00,174.50,456.00,349.00
237,زانوجليد30/4,1,102.00,72.24,102.00,72.24
1599,زنك اوليف كريم ايه ثري ايه,2,45.00,34.60,90.00,69.20
1504,زنك اوليف كريم كولدج,2,55.00,40.70,110.00,81.40
716,زنك-اوليف كريم,1,80.00,63.00,80.00,63.00
1602,زنكترون اقراص,2,126.00,91.98,252.00,183.96
739,زنكوديرم كريم,1,70.00,54.16,70.00,54.16
740,زنكوديرم لوسيون,1,65.00,50.29,65.00,50.29
2087,زوراكسون 1جم فيال,9,56.00,45.00,504.00,405.00
822,زوركال 20مجم,1,81.00,42.12,81.00,42.12
2084,زوركال 40 مجم اقراص,1,192.00,140.30,192.00,140.30
2259,زوركال فيال,3,84.00,82.00,252.00,246.00
749,زورين 1جم فيال,2,48.00,37.14,96.00,74.28
936,زوفران حقن 4 مجم,1,275.00,214.50,275.00,214.50
268,زوفيراكس شراب,2,96.00,73.92,192.00,147.84
879,زوفيراكس كريم %5,1,27.00,21.60,27.00,21.60
1971,زوكوزيت 10/20 مجم اقراص,1,90.00,67.50,90.00,67.50
1990,زي جيست كبسول,1,100.00,75.00,100.00,75.00
2171,زيت البرهان ازرق 200 مل,1,200.00,152.00,200.00,152.00
2134,زيت البرهان صغير اصفر,1,95.00,80.00,95.00,80.00
1082,زيت الو ايفا بالصبار 170مل,2,69.00,55.55,138.00,111.10
1083,زيت الو ايفا بالصبار 85مل,2,44.00,35.00,88.00,70.00
1072,زيت املا 90مل,1,55.00,41.00,55.00,41.00
1419,زيت برافين,2,22.00,15.00,44.00,30.00
1071,زيت بردهان بالاملا 200م,1,140.00,110.00,140.00,110.00
63,زيت جونسن كبير,1,120.00,95.00,120.00,95.00
64,زيت جونسن كبيرليلي,2,120.00,95.00,240.00,190.00
1079,زيت حرير ارجان 100مل,1,45.00,33.50,45.00,33.50
1418,زيت خروع الاهرام,1,30.00,18.75,30.00,18.75
1073,زيت دابر املا 180مل,1,79.00,62.00,79.00,62.00
1075,زيت دابر املا اطفال صغير,1,52.50,41.55,52.50,41.55
1074,زيت دابر املا اطفال كبير,1,84.50,69.00,84.50,69.00
1070,زيت دابر املا الذهبى 180م,1,83.00,69.00,83.00,69.00
1069,زيت دابر املا الذهبى270م,1,105.00,92.00,105.00,92.00
1087,زيت صانسيلك جوز هند 250مل,2,94.00,78.00,188.00,156.00
1080,زيت فاتيكا الحبه السوداء180م,1,40.00,30.00,40.00,30.00
1096,زيت فاتيكا بالارجان 45مل,2,10.00,8.08,20.00,16.16
1092,زيت فاتيكا بالجرجير 90مل,1,22.00,17.70,22.00,17.70
1094,زيت فاتيكا بالجرجير45مل,1,10.00,8.08,10.00,8.08
1900,زيت فاتيكا بالحبه السودا صغير,1,10.00,7.70,10.00,7.70
1098,زيت فاتيكا بالحبه السوداء 90مل,1,22.00,17.70,22.00,17.70
1086,زيت فاتيكا بالزيتون 180 مل,1,40.00,30.00,40.00,30.00
1084,زيت فاتيكا بالصبار 180مل,2,40.00,30.00,80.00,60.00
1095,زيت فاتيكا بالصبار 45مل,1,10.00,8.08,10.00,8.08
1091,زيت فاتيكا بالصبار 90مل,1,23.00,17.50,23.00,17.50
1099,زيت فاتيكا باللوز90مل,1,23.00,17.50,23.00,17.50
1089,زيت فاتيكا جوز هند 90مل,1,22.00,17.70,22.00,17.70
1102,زيت فيانسيه,1,40.00,29.15,40.00,29.15
1078,زيت كازانوفا جرير210مل,1,180.00,150.00,180.00,150.00
897,زيثرو ماكس 500مجم اقراص,1,160.00,123.80,160.00,123.80
752,زيثرودوز 500 جرام كبسول,1,79.00,61.12,79.00,61.12
1771,زيثروكان 100مجم شراب,1,33.00,26.13,33.00,26.13
820,زيثروكان 200مجم شراب,1,62.00,42.12,62.00,42.12
1635,زيثروماكس 1200مل,1,126.00,108.36,126.00,108.36
1633,زيثروماكس 900مل,1,100.00,84.00,100.00,84.00
824,زيثرون 200مجم شراب,3,89.00,66.75,267.00,200.25
764,زيثرون 200مجم/5ملليلتر,2,63.00,48.74,126.00,97.48
1684,زيثرون 500مجم 3 اقراص,5,63.00,42.84,315.00,214.20
1685,زيثرون 500مجم 5 اقراص,2,86.00,58.48,172.00,116.96
1607,زيرتك اقراص,1,100.00,78.00,100.00,78.00
629,زيرتك شراب للاطفال,2,51.00,36.65,102.00,73.30
628,زيرتك نقط,3,43.00,30.90,129.00,92.70
1917,زيروفازيت 10/10مجم اقراص,1,216.00,172.80,216.00,172.80
826,زيسروسين 100مجم شراب,1,45.00,34.20,45.00,34.20
825,زيسروسين 500مجم كبسول,1,71.00,51.83,71.00,51.83
1838,زيسيتو كريم,1,70.00,49.00,70.00,49.00
1496,زيفو رابد 8مجم اقراص,1,89.00,65.86,89.00,65.86
741,زيكلاف 1جم اقراص,1,151.00,116.83,151.00,116.83
606,زيلون شراب,2,34.00,25.84,68.00,51.68
882,زيلون فورت شراب,2,69.00,48.99,138.00,97.98
2312,زيماجاللين اقراص,1,48.00,37.20,48.00,37.20
1580,زيناميونا اقراص,1,75.00,58.50,75.00,58.50
1793,زيناميونا اقراص,0,75.00,50.55,0.00,0.00
1902,زينه علب 200 منديل,1,20.00,14.30,20.00,14.30
87,سائل ريد,2,100.00,80.00,200.00,160.00
743,ساج ريلاكس جل,1,65.00,50.29,65.00,50.29
742,ساج ريلاكس كريم,1,70.00,54.16,70.00,54.16
2241,سالبوفنت 2مجم اقراص,1,24.00,18.00,24.00,18.00
1526,سالبين 1.5 جم فيال,6,51.00,36.72,306.00,220.32
1527,سالبين 750مجم حقن,3,35.00,25.50,105.00,76.50
1510,ساليتروكسيب 90 مجم اقراص,1,140.00,96.60,140.00,96.60
811,سالينكس نقط انف,1,19.00,12.16,19.00,12.16
642,سايمثيكون نقط 100مجم,1,27.00,19.40,27.00,19.40
647,سايميدل شراب,2,50.00,35.93,100.00,71.86
631,ساين اب شراب,2,29.00,20.93,58.00,41.86
812,سبازاوي اقراص,1,29.00,20.30,29.00,20.30
809,سبازموديجستين اقراص,1,78.00,49.92,78.00,49.92
2110,سبازموديجستين اقراص,1,78.00,54.00,78.00,54.00
702,سبازموفري امبول 5مجم/2مللي,2,54.00,38.80,108.00,77.60
623,سبازموفري50مجم,1,42.00,31.96,42.00,31.96
708,سبازموفين امبول,3,39.00,28.02,117.00,84.06
1916,سبازيولانس افلام سريعه الذوبان,2,90.00,64.80,180.00,129.60
1532,سباسكولون 100مجم,1,108.00,81.00,108.00,81.00
1533,سباسكولون 50مجم,1,84.00,60.48,84.00,60.48
280,سباموبيرالجين-م اقراص,5,21.00,14.91,105.00,74.55
1690,سبكتون 100 مجم اقراص,1,90.00,68.91,90.00,68.91
1994,سبكتون 25مجم اقراص,1,36.00,26.71,36.00,26.71
2068,سبيوتال شراب,2,55.00,42.68,110.00,85.36
2108,ستاتيوريك 40 مجم اقراص,1,93.00,61.70,93.00,61.70
1608,ستاتيوريك 80 مجم اقراص,2,123.00,91.02,246.00,182.04
58,ستارفيل بليه فانليا,1,130.00,95.00,130.00,95.00
1461,ستارفيل ماء ميسلار 100 مل,1,75.00,57.00,75.00,57.00
1839,ستاركوبريكس 5مجم اقراص,2,252.00,186.40,504.00,372.80
1796,ستالونج 5مجم اقراص,1,150.00,114.10,150.00,114.10
600,ستربتوكين اقراص,2,46.00,36.80,92.00,73.60
309,ستربس برتقال استحلاب,1,70.00,46.20,70.00,46.20
1642,ستلاسيل 5مجم اقراص,1,33.00,25.55,33.00,25.55
2252,ستللاسيل 1مجم اقراص,1,27.00,19.71,27.00,19.71
2193,ستوب سبازم اقراص,1,60.00,46.80,60.00,46.80
2331,ستوبادول 500مجم اقراص,1,24.00,17.28,24.00,17.28
2329,ستوبادول 650مجم جوينت اقراص,1,75.00,54.00,75.00,54.00
2330,ستوبادول اكسترا اقراص,1,38.00,27.36,38.00,27.36
1964,ستيميولان 800 اقراص,1,78.00,59.00,78.00,59.00
797,ستيميولان شراب,2,62.00,43.40,124.00,86.80
1374,سرنجات الدوليه 5سم,146,3.00,1.49,438.00,217.54
1372,سرنجات الدوليه اطفال 3سم,99997,2.50,1.19,249992.50,118996.43
1373,سرنجات الدوليه كبار 3سم,300,2.50,1.19,750.00,357.00
1359,سرنجات انسولين كورى,8,7.00,5.10,56.00,40.80
1344,سرنجات دواء,42,5.00,2.33,210.00,97.86
1765,سريلان كريم,1,73.00,51.83,73.00,51.83
2088,سفترياكسون 1000جم فيال,3,95.00,80.00,285.00,240.00
1283,سكاته الجو ب سلسله,10,17.00,8.80,170.00,88.00
2202,سكارو كريم,1,300.00,228.00,300.00,228.00
1239,سكاي حمام كريم جوجوبا,1,45.00,33.00,45.00,33.00
1268,سكاي كريم تصفيف بالجوجوبا,1,50.00,38.00,50.00,38.00
1269,سكاي كريم تصفيف بزبدة الشيا,1,50.00,38.00,50.00,38.00
1171,سنجيولير 10 مجم اقراص,1,192.00,141.10,192.00,141.10
1177,سنجيولير 5 مجم للاطفال اقراص,1,174.00,127.90,174.00,127.90
2141,سنسوداين معجون اسنان,1,45.00,33.45,45.00,33.45
750,سنسوديرم صابون اطفال,1,44.00,34.04,44.00,34.04
1101,سنيور كريم  200 م موف,1,50.00,34.75,50.00,34.75
1142,سنيور كريم شعر 200جرام,1,50.00,34.75,50.00,34.75
1143,سنيور كريم شعر 200جرام,1,45.00,32.70,45.00,32.70
1230,سنيور كريم للشعر بالزيوت الطبيعيه 225 م,1,42.00,33.55,42.00,33.55
1154,سنيور كريم للشعر بزبده الشيا225مجم,1,54.00,38.50,54.00,38.50
2124,سوابيفنت محلول للاستنشاق,0,176.00,135.52,0.00,0.00
1736,سوبر كيدز 3*1بالفروله 500مل,1,200.00,147.50,200.00,147.50
1469,سوبر كيدز بليه 30 مل لولي بوب,1,85.00,62.00,85.00,62.00
758,سوبراكس 100مجم/5ملل,2,95.00,73.50,190.00,147.00
807,سوبراكس 200مجم كبسولات,1,138.00,107.64,138.00,107.64
800,سوبراكس شراب 100مجم,2,131.00,102.18,262.00,204.36
2280,سورال اقراص,0,129.00,94.04,0.00,0.00
106,سوفي طويل,14,50.00,40.00,700.00,560.00
988,سوفي طويل جدا,9,50.00,42.00,450.00,378.00
1571,سولبيبتا 25 مجم اقراص,1,54.00,40.06,54.00,40.06
767,سولوفريش قطره,1,67.00,51.84,67.00,51.84
23,سويت حرير,28,20.00,13.50,560.00,378.00
796,سويتال اكياس,1,35.00,25.55,35.00,25.55
1855,سيالونج 20مجم اقراص,1,60.00,25.80,60.00,25.80
771,سيانارو قطره,2,34.00,26.30,68.00,52.60
766,سيانوهيبتان امبول,3,114.00,88.20,342.00,264.60
1882,سيباكلار غسول,1,264.00,192.70,264.00,192.70
2121,سيبالافيل 20 مجم اقراص,0,180.00,140.20,0.00,0.00
1640,سيبتازول اقراص,0,340.00,263.20,0.00,0.00
2092,سيبتازول شراب,2,36.00,28.00,72.00,56.00
753,سيبرو 500 جرام اقراص,2,53.00,41.00,106.00,82.00
769,سيبرو0.3% نقط,1,15.00,11.60,15.00,11.60
273,سيبرودايازول اقراص,2,148.00,111.00,296.00,222.00
808,سيبروسين 500مجم,2,53.00,39.08,106.00,78.16
1376,سيبروسين مرهم,2,21.00,18.10,42.00,36.20
770,سيبروسين750مجم,0,68.50,53.00,0.00,0.00
760,سيبروفار 500مجم اقراص,2,69.00,53.38,138.00,106.76
806,سيبروفلوكساسين 750مجم,1,89.00,64.97,89.00,64.97
754,سيبروكين 500 جرام اقراص,1,50.00,38.68,50.00,38.68
2328,سيتافين بلس ان اقراص,2,81.00,58.32,162.00,116.64
803,سيتال 1000مجم اقراص,5,42.00,27.72,210.00,138.60
802,سيتال 500مجم اقراص,4,24.00,15.36,96.00,61.44
799,سيتال شراب,7,31.00,21.80,217.00,152.60
1993,سيتال لبوس 120مجم,2,13.00,9.64,26.00,19.28
798,سيتال نقط,4,23.00,16.79,92.00,67.16
748,سيترونات 5مجم اقراص,1,56.00,43.33,56.00,43.33
1231,سيداج كريم بزبده الشيا,1,40.00,27.00,40.00,27.00
1689,سيدوفاج 1000مجم اقراص,0,51.00,39.05,0.00,0.00
916,سيدوفاج 500مجم,0,550.00,404.40,0.00,0.00
755,سيدوفاج 850 مجم اقراص,2,96.00,74.28,192.00,148.56
291,سيديبروكت كريم,3,42.00,31.92,126.00,95.76
2148,سيديبروكت لبوس,2,26.00,19.08,52.00,38.16
2021,سيرافال شامبو ضدد القشرره,1,180.00,140.50,180.00,140.50
973,سيردالود 4مجم,1,70.00,56.70,70.00,56.70
270,سيرفيتام كبسول,1,118.00,84.96,118.00,84.96
1921,سيرفيتولكا بلس 50/500مجم اقراص,1,360.00,270.00,360.00,270.00
2069,سيرفيتولكا شراب,1,150.00,116.40,150.00,116.40
55,سيرم بلوب صغير,2,125.00,108.00,250.00,216.00
56,سيرم بلوب كبير,1,200.00,181.00,200.00,181.00
596,سيريلاك قمح ساده صغير,1,40.00,34.00,40.00,34.00
768,سيستون اقراص,1,98.00,75.82,98.00,75.82
2043,سيفاثرد 300مجم اقراص,1,90.00,63.57,90.00,63.57
1933,سيفازون 1مجم امبول,4,48.00,36.96,192.00,147.84
2196,سيفاكسون 1جم حقن عضل,8,69.00,48.30,552.00,386.40
1880,سيفاكسون 500مجم عضل,4,49.00,39.69,196.00,158.76
810,سيفامول اقراص فوار,2,59.00,40.12,118.00,80.24
745,سيفديم 1جم فيال,1,53.00,41.00,53.00,41.00
738,سيفوتاكس 1جم ايبكو فيال,11,43.00,33.27,473.00,365.97
744,سيفوتاكس 2جم ايبكو امبول,3,62.00,47.97,186.00,143.91
2340,سيفوتاكس يو بي فارما 1جم حقن,5,48.50,36.03,242.50,180.15
747,سيفوران 1جم,3,41.00,31.72,123.00,95.16
2302,سيفيبيم 1جم فيال,5,73.00,55.00,365.00,275.00
259,سيفيكسيم 100مل,4,63.00,47.88,252.00,191.52
293,سيفيكسيم شرام30مللي,3,43.00,33.97,129.00,101.91
765,سيفييم 500مجم فيال ايفا,2,50.00,38.68,100.00,77.36
1986,سيكلوفلكس 5مجم اقراص,1,40.00,15.00,40.00,15.00
862,سيكودال 1جرام اقراص,1,108.00,72.36,108.00,72.36
805,سيلدافا 100مجم,1,91.50,20.13,91.50,20.13
804,سيلدوكير 8مجم,1,135.00,97.20,135.00,97.20
801,سيلدين 100مجم,1,66.00,21.12,66.00,21.12
751,سيلفربيرن كريم موضعي 30 جرام,2,38.00,29.40,76.00,58.80
1379,سيلك بلاستر  حرير 10 سم,2,70.00,62.43,140.00,124.86
1384,سيلك بلاستر 1.25 سم,2,9.00,6.25,18.00,12.50
1381,سيلك بلاستر 7.50 سم,1,55.00,47.85,55.00,47.85
1380,سيلك بلاستر حرير 2.5 سم,3,28.00,17.70,84.00,53.10
1625,سيلوكينزوك 50مجم اقراص,3,94.00,72.28,282.00,216.84
1947,سيليبريكس 200مجم اقراص,0,198.00,160.00,0.00,0.00
773,سيلينيوم ايه سي اقراص,2,130.00,100.58,260.00,201.16
847,سيمباتكس 20مجم اقراص,1,174.00,125.28,174.00,125.28
853,سيمباتكس 30مجم اقراص,1,228.00,164.16,228.00,164.16
1559,سيناريزين 25 مجم اقراص,1,24.00,17.20,24.00,17.20
1603,سيناريزين 75 مجم اقراص,2,32.00,23.36,64.00,46.72
1946,سينترافيتا جينكو اقراص,1,250.00,175.40,250.00,175.40
2109,سينوبار صابون 100جم عادى,1,60.00,39.80,60.00,39.80
894,سينوبار غسول للوجه,1,170.00,125.80,170.00,125.80
1975,سينوبريل 10مجم اقراص,1,69.00,52.44,69.00,52.44
46,سينور بخاخ,4,65.00,53.00,260.00,212.00
2198,شاركول فحم 600 م اقراص,1,75.00,55.50,75.00,55.50
1339,شاش المحله 11 سم,12,6.00,3.80,72.00,45.60
1348,شاش المحله 5 سم,17,4.00,2.30,68.00,39.10
1347,شاش المحله 7 سم,21,5.00,2.75,105.00,57.75
1341,شاش دريسنج 10*10,7,4.00,2.00,28.00,14.00
1342,شاش دريسنج 10*20,1,6.00,2.75,6.00,2.75
1343,شاش دريسنج 15*25,2,9.50,3.55,19.00,7.10
2100,شاش فازلين 10 فى 10,9,9.00,4.99,81.00,44.91
2177,شاش فازلين 10فى 30سم,10,15.00,10.30,150.00,103.00
1036,شامبو اسكاي لتر,1,82.95,62.70,82.95,62.70
1029,شامبو البصل والخروع,1,65.00,53.35,65.00,53.35
1063,شامبو بانتين 400 م للتساقط,1,175.00,140.00,175.00,140.00
1062,شامبو بانتين 600 م,1,220.00,180.00,220.00,180.00
1068,شامبو بلولاين بالنخاع لتر,2,75.00,58.50,150.00,117.00
1061,شامبو بندولين 250 م,1,150.00,132.00,150.00,132.00
1060,شامبو بندولين 450 م,1,200.00,154.00,200.00,154.00
76,شامبو جونسون 200 مل,1,90.00,70.00,90.00,70.00
75,شامبو جونسون صغير 100مل,1,60.00,40.00,60.00,40.00
31,شامبو دوف  180 ملي,1,75.00,63.00,75.00,63.00
30,شامبو دوف 180,1,75.00,63.00,75.00,63.00
29,شامبو دوف 180 ملي,1,75.00,63.00,75.00,63.00
93,شامبو دوف الاصلاح المكثف,1,120.00,105.00,120.00,105.00
94,شامبو دوف ضد تساقط الشعر,1,120.00,105.00,120.00,105.00
2001,شامبو سباركل اكياس,50,1.00,0.85,50.00,42.50
1950,شامبو صانسيلك 180 مل اسود,1,70.00,55.00,70.00,55.00
13,شامبو صن سيلك 350,1,87.00,68.00,87.00,68.00
33,شامبو صن سيلك 600 ملي,1,135.00,98.00,135.00,98.00
1050,شامبو فاتيكا 350ملل,1,90.00,73.75,90.00,73.75
1054,شامبو فاتيكا جرجير وزيتون 360ملل,1,70.00,58.00,70.00,58.00
1057,شامبو فاتيكا للشعر العادي 400 م,1,70.00,58.00,70.00,58.00
1055,شامبو فاتيكا يحافظ علي الرطوبه,1,70.00,58.00,70.00,58.00
1056,شامبو فتيكا للحمايه من تساقط الشعر,1,70.00,58.00,70.00,58.00
1030,شامبو فيانسيه اليمون والالوفيرا,1,65.00,53.35,65.00,53.35
1053,شامبو مارولينا للشعر لتر,1,120.00,92.10,120.00,92.10
1824,شامبو منك بزيت الزيتون,1,70.00,55.00,70.00,55.00
28,شامبو هيد اند شولدرز,1,190.00,160.00,190.00,160.00
1052,شامبو وبلسم دياموند لتر,1,60.00,44.00,60.00,44.00
1040,شامبو وبلسم سباركل,1,87.00,71.50,87.00,71.50
1041,شامبو وبلسم سباركل,1,87.00,71.50,87.00,71.50
1042,شامبو وبلسم سباركل,1,87.00,71.50,87.00,71.50
1966,شان جل مرطب 60مل,1,100.00,75.00,100.00,75.00
1010,شاور مود 750مل,1,95.00,68.75,95.00,68.75
2216,شاور مود احمر 750,1,75.00,65.00,75.00,65.00
2250,شاى اخضر نقى,1,35.00,27.96,35.00,27.96
775,شاي رجيم رويال صغير,0,25.00,18.17,0.00,0.00
1484,شفاط ثدي اليجو نيو,2,23.00,16.00,46.00,32.00
2300,شفاط مخاط,1,40.00,30.77,40.00,30.77
1891,شفره فلامنجوو,1,26.00,14.00,26.00,14.00
1665,شكاكه سكر,1,50.00,29.45,50.00,29.45
2239,شوجارلو بلس 50/1000 مجم اقراص,1,136.50,102.00,136.50,102.00
2059,شيت ماسك ستاركي,1,30.00,22.00,30.00,22.00
1227,صابون انجليش ليزر 125  احمر,1,17.00,14.33,17.00,14.33
1228,صابون انجليش ليزر 125 ازرق,1,17.00,14.33,17.00,14.33
1137,صابون جلسرين خمس خمسات,3,26.00,18.00,78.00,54.00
1136,صابون خمس خمسات كبريت,1,20.00,14.00,20.00,14.00
1122,صابون دوف قالب كريم جمال,1,37.00,29.50,37.00,29.50
1025,صابون ديتول 125جرام,2,30.00,23.37,60.00,46.74
1026,صابون ديتول 90جرام,1,23.00,19.00,23.00,19.00
1028,صابون ديتول 90جرام,3,23.00,19.00,69.00,57.00
2102,صابون ديتول كبيره,1,45.00,36.75,45.00,36.75
1123,صابون ديتول لبشره ناعمة الملمس,2,37.00,29.50,74.00,59.00
1027,صابون ديتول مغذي 90جرام,1,23.00,19.00,23.00,19.00
1556,صابون فينتامور,1,80.00,57.36,80.00,57.36
977,صابون لايف بوي 125,1,25.00,19.70,25.00,19.70
1277,صابون مغربي بوبانا بزيت الزيتون,1,65.00,44.75,65.00,44.75
2338,صابونه ديتول,1,42.00,35.90,42.00,35.90
2000,صابونه ديتول بينك 175 جرام,1,45.00,37.50,45.00,37.50
22,صابونه ستارفيل,1,50.00,35.00,50.00,35.00
1417,صبغه جاوي,3,10.00,7.25,30.00,21.75
1663,صبغه يود,2,10.00,5.99,20.00,11.98
1130,صن سويت بخلاصة الزليمون للبشره الدهنيه,2,15.00,9.75,30.00,19.50
1129,صن سويت بخلاصة الزيتون للبشره الجافه,6,15.00,9.75,90.00,58.50
1127,صن سويت بخلاصة الورد للبشره العاديه,6,15.00,9.75,90.00,58.50
1429,صنفره زيدورا لتفتيح البشره بالخيار,1,36.00,28.75,36.00,28.75
2313,صوياميد كبسول,1,300.00,234.00,300.00,234.00
1820,عضاضه عاديه لاكى بيبي,1,20.00,14.60,20.00,14.60
1819,عضاضه مائيه لاكى بيبي,2,40.00,32.00,80.00,64.00
1140,غرناطه كريم للشعر الارجان,1,140.00,106.00,140.00,106.00
1141,غرناطه كريم للشعر بذبدة شيا غانا,1,140.00,106.00,140.00,106.00
1233,غسول بوبانا 50 م بالفحم,1,36.00,27.00,36.00,27.00
1155,غسول بوبانا وجه بفيتامين سى 50مل,2,36.00,27.00,72.00,54.00
1416,غسول خلات الرصاص,6,12.00,7.75,72.00,46.50
27,غسول ستارفيل,3,125.00,95.00,375.00,285.00
1345,غطاء للعين,3,4.00,1.15,12.00,3.45
51,غلو اند لافلي,3,37.00,27.50,111.00,82.50
73,فا بليه مزيل,2,60.00,45.00,120.00,90.00
1669,فاتيكا حمام كريم 225مجم,1,45.00,35.30,45.00,35.30
2082,فاتيكا حمام كريم اكياس,6,10.00,7.90,60.00,47.40
2062,فاتيكا حمام كريم خروع صغير,1,45.00,36.00,45.00,36.00
74,فاتيكا شامبو اسود 360 مل,1,70.00,53.00,70.00,53.00
1241,فاتيكا كريم 125 ليمون,1,53.00,42.67,53.00,42.67
1245,فاتيكا كريم 125جوز هند,1,53.00,42.67,53.00,42.67
1258,فاتيكا كريم 190 جوز هند,1,73.00,58.20,73.00,58.20
1256,فاتيكا كريم 190 حناء ولوز,1,73.00,58.20,73.00,58.20
1257,فاتيكا كريم 190 زبدة شيا,1,73.00,58.20,73.00,58.20
1263,فاتيكا كريم الليمون و شجرة الشاي 65ملل,2,28.00,22.50,56.00,45.00
2272,فاتيكا كريم بالصبار 65 مل,1,30.00,22.66,30.00,22.66
2063,فاتيكا كريم لوز 190مل,1,75.00,55.00,75.00,55.00
2143,فاجيل مطهر بودره مهبلى,16,18.00,2.24,288.00,35.84
2058,فاردينا 20 اقراص,5,43.25,30.00,216.25,150.00
883,فاركو تليليام  شراب,1,24.00,19.20,24.00,19.20
786,فاركوسين كريم,1,23.00,16.72,23.00,16.72
787,فاركوسين مرهم,1,23.00,16.72,23.00,16.72
732,فاركوفيت ب 12,3,45.00,29.25,135.00,87.75
815,فاركولين محلول,9,37.00,25.90,333.00,233.10
1779,فاروفيجا 100مجم اقراص,0,108.00,75.60,0.00,0.00
2125,فاريو كريم,1,70.00,42.70,70.00,42.70
95,فازلين مرطب شفايف حجم وسط,2,20.00,15.00,40.00,30.00
818,فاستافلام 50مجم اقراص,2,36.00,24.48,72.00,48.96
814,فاستر جيل,2,40.00,30.00,80.00,60.00
795,فاستكيور40مجم,0,84.00,61.06,0.00,0.00
819,فاستل 120مجم,2,66.00,46.20,132.00,92.40
1558,فاستل 180 مجم اقراص,1,84.00,60.22,84.00,60.22
282,فاستم جيل صغير,1,20.00,16.00,20.00,16.00
1588,فاسكون -ان نقط فم,2,50.00,38.44,100.00,76.88
816,فاسكون اقراص,1,47.00,31.96,47.00,31.96
1835,فاكتو اقماع شرجيه,1,72.00,57.60,72.00,57.60
272,فاكتو مرهم,2,76.00,60.80,152.00,121.60
792,فالجيستريل  اقراص,2,34.00,24.71,68.00,49.42
984,فامليا تويلت,17,15.00,9.00,255.00,153.00
2301,فاموتاك 20مجم اقراص,1,28.00,19.50,28.00,19.50
784,فاموتين 20مجم,1,40.00,29.07,40.00,29.07
790,فاموتين 40مجم,2,60.00,43.61,120.00,87.22
1840,فانفيلدا بلس 50/1000مجم اقراص,2,138.00,95.22,276.00,190.44
1871,فانفيلدا بلس 50/850 مجم اقراص,1,132.00,104.00,132.00,104.00
1705,فايركتا 100مجم,1,132.00,43.56,132.00,43.56
1802,فايسيد زيت شعر 60مل,1,30.00,18.00,30.00,18.00
1503,فاين لايف كبار كبير,0,550.00,422.50,0.00,0.00
2144,فاينال تو سبراي,1,95.00,66.04,95.00,66.04
80,فاينسيه بخاخ ابيض,2,57.00,43.00,114.00,86.00
79,فاينسيه بخاخ زيتون,1,57.00,43.00,57.00,43.00
81,فاينيسيه بخاخ صبار,2,57.00,43.00,114.00,86.00
788,فبيوريك 80مجم,1,139.50,101.41,139.50,101.41
1987,فرافيرو 18 مجم عادي اقراص,1,180.00,135.00,180.00,135.00
817,فرافيرو 27عادي برطمان,1,160.00,96.00,160.00,96.00
782,فراكتيليا مساج جل,1,70.00,50.88,70.00,50.88
1288,فرش اسنان اورال كبار,8,15.00,8.75,120.00,70.00
1323,فرش اسنان جنجا اطفال,1,10.00,6.50,10.00,6.50
1324,فرش اسنان سوفت,5,32.00,21.55,160.00,107.75
898,فروساك حقن,0,470.00,363.60,0.00,0.00
1064,فريده شاور 1200 م جوز الهند,1,150.00,123.25,150.00,123.25
1543,فريده شاور 650 ملل مون لايت,1,90.00,70.00,90.00,70.00
1065,فريده شاور جوز الهند والارجان 650 م,1,90.00,71.00,90.00,71.00
1162,فريده معطر بالتوت البرى 480م,1,45.00,36.85,45.00,36.85
1160,فريده معطر رائحه النظافه480م,1,45.00,36.85,45.00,36.85
1585,فريزيدرم كريم,1,90.00,65.42,90.00,65.42
2249,فلاتيديل 40مجم اقراص,1,54.00,43.14,54.00,43.14
599,فلاجيل 500مجم اقراص,3,34.00,24.14,102.00,72.42
258,فلاجيل شراب,3,26.00,19.24,78.00,57.72
1696,فلاكسوبرايد 5مجم اقراص,2,75.00,54.57,150.00,109.14
1867,فلاكورت 30مجم اقراص,1,164.00,120.70,164.00,120.70
1578,فلدين اقراص 20مجم,1,41.50,30.79,41.50,30.79
1569,فلدين حقن,1,63.00,46.74,63.00,46.74
779,فلوبادكس 8مجم,0,177.00,128.67,0.00,0.00
794,فلوتاك 75مجم,1,90.00,65.42,90.00,65.42
1545,فلورست -ان اقراص,6,32.00,19.35,192.00,116.10
1884,فلورودام اسبراي للفم,1,55.00,43.89,55.00,43.89
1453,فلوكا قطره للعين,1,66.00,48.18,66.00,48.18
2090,فلوكاموكس 1جم امبول,2,35.00,25.50,70.00,51.00
1577,فلوكورال 150 مجم كبسول,2,30.00,22.23,60.00,44.46
1590,فلوموكس 1000 مجم اقراص,1,92.00,70.74,92.00,70.74
2194,فلوموكس 1000مجم حقن,3,26.00,19.24,78.00,57.72
275,فلوموكس 500مجم,1,71.00,48.99,71.00,48.99
532,فليبوتون امبول,2,51.00,36.72,102.00,73.44
789,فليكتور 25جرام جيل,1,32.00,23.26,32.00,23.26
783,فليكتور 50مجم كبسول,1,87.00,63.24,87.00,63.24
2186,فليكس بخاخ,2,76.00,57.00,152.00,114.00
2185,فليكسونيز بخاخ,1,133.00,96.55,133.00,96.55
2240,فليكسيلاكس 50/500 مجم اقراص,1,84.00,63.00,84.00,63.00
1910,فنجيكان 150مجم اقراص,2,47.00,33.64,94.00,67.28
1847,فنيستيل نقط بالفم,3,34.00,21.76,102.00,65.28
778,فوار فروت,2,24.00,17.44,48.00,34.88
1668,فوج اسبراي 120 مل,1,120.00,89.47,120.00,89.47
85,فوج بخاخ ابيض  فى احمر,1,120.00,93.00,120.00,93.00
86,فوج بخاخ مونارك,2,120.00,93.00,240.00,186.00
84,فوج بخاخ نابليون احمر,1,120.00,93.00,120.00,93.00
2220,فور مامي اقراص,1,175.00,123.00,175.00,123.00
2167,فوراديل 12ميكروجرام بخاخ,0,560.00,425.40,0.00,0.00
1572,فوربيودس كبسول,0,334.00,247.80,0.00,0.00
1991,فورتامايند 500مجم امبول,1,145.00,107.50,145.00,107.50
529,فورتيموكس بلس قطره,3,39.00,27.30,117.00,81.90
533,فولبرازال40مجم,1,168.00,134.40,168.00,134.40
1907,فولتارين 100جم جل,1,101.00,72.30,101.00,72.30
864,فولتارين 100مجم اقماع شرجيه,1,54.00,43.20,54.00,43.20
2288,فولتارين 50مجم اقراص,1,48.00,35.20,48.00,35.20
1857,فولتارين 75 مجم امبول,0,102.00,73.43,0.00,0.00
2228,فولتارين اس ار 100مجم اقراص,1,132.00,95.43,132.00,95.43
530,فولتارين امبول,3,51.00,40.30,153.00,120.90
781,فولتارين جيل 25جم,1,39.00,28.35,39.00,28.35
780,فولتارين جيل 50جم,1,68.00,49.43,68.00,49.43
848,فوليك اسيد 500مجم,4,20.00,14.60,80.00,58.40
109,فوم للحلاقه اكتيف  200 مل,2,60.00,45.00,120.00,90.00
1868,فوميبرك 10مجم اقراص,2,66.00,48.57,132.00,97.14
1711,فوناسيبر 20 مجم اقراص,2,104.00,74.88,208.00,149.76
2333,فونوبرافين 20مجم اقراص,1,276.00,198.70,276.00,198.70
2006,فياترازو لبوس مهبلى,1,53.00,39.18,53.00,39.18
1774,فياجرا 100 مجم اقراص,0,144.00,114.00,0.00,0.00
1207,فيانسيه جل كريم احمر 225 م,2,47.00,36.30,94.00,72.60
1205,فيانسيه جل كريم ضد القشره 225 م,1,47.00,36.30,47.00,36.30
1666,فيانسيه جيل كريم اخضر,1,35.00,27.90,35.00,27.90
1336,فيبكس امبوبه بينك 15 مجم,1,45.00,32.55,45.00,32.55
2217,فيبكس بلية موف,1,55.00,42.00,55.00,42.00
61,فيبكس بليه,1,45.00,35.00,45.00,35.00
1325,فيبكس بليه مزيل عرق,1,49.50,36.00,49.50,36.00
1327,فيبكس بليه مزيل عرق اخضر,2,49.50,36.00,99.00,72.00
1326,فيبكس بليه مزيل عرق بينك,1,49.50,36.00,49.50,36.00
2176,فيبكس كريم رجالى 25,1,65.00,47.50,65.00,47.50
60,فيبكس كريم مزيل عرق,1,65.00,47.00,65.00,47.00
2101,فيبكس كريم مزيل عرق صغير,2,35.00,25.99,70.00,51.98
1678,فيتا سترس اقراص,1,64.00,46.88,64.00,46.88
2048,فيتاترون كبسول,1,195.00,155.60,195.00,155.60
1594,فيتاماونت للرجال كبسول,1,90.00,69.20,90.00,69.20
1595,فيتاماونت للسيدات كبسول,0,90.00,69.20,0.00,0.00
490,فيتنال مركب بخاخ,1,80.00,61.60,80.00,61.60
469,فيدروب نقط,5,26.00,19.24,130.00,96.20
1440,فيرسيرك 16 مجم اقراص,2,87.00,64.38,174.00,128.76
1439,فيرسيرك 24مجم اقراص,1,120.00,88.80,120.00,88.80
1619,فيرم-وان 500 مجم اقراص,1,224.00,159.20,224.00,159.20
2256,فيرميزول شراب,2,26.00,19.57,52.00,39.14
2077,فيرو بولين كبسول,1,105.00,78.96,105.00,78.96
887,فيروترون اقراص,1,159.00,117.54,159.00,117.54
2044,فيروجلوبين ب 12 شراب,1,100.00,76.00,100.00,76.00
777,فيروجلوبين كبسول,2,180.00,130.85,360.00,261.70
1513,فيروستات 200 مجم شراب,3,61.00,48.80,183.00,146.40
2275,فيروستات 400مجم /5مل شراب,1,75.00,54.07,75.00,54.07
867,فيسرا امبولات,1,15.00,12.00,15.00,12.00
785,فيسيرالجين 50 مجم,2,42.00,30.53,84.00,61.06
1863,فيسيرالجين امبول,3,90.00,72.00,270.00,216.00
1646,فيسيرالجين شراب,4,35.00,27.09,140.00,108.36
235,فيلداجلوز1000/50بلس,1,147.00,105.84,147.00,105.84
2011,فيلوسف 1جم اقراص,1,98.00,72.02,98.00,72.02
1934,فيلوسف 1مجم حقن,2,47.00,36.19,94.00,72.38
2169,فيمتونكس كبسول,1,300.00,210.52,300.00,210.52
851,فيموجيسال اقراص,1,76.00,55.80,76.00,55.80
1502,فينادون شراب,1,37.00,23.31,37.00,23.31
2072,فيناكس اقراص,0,150.00,111.00,0.00,0.00
2315,فينتوكف شراب,3,25.00,20.00,75.00,60.00
842,فيوتابان 40,1,144.00,96.48,144.00,96.48
2253,فيوتابان 40مجم حقن,2,59.50,47.60,119.00,95.20
1786,فيوتك نقط للاذن,2,23.00,16.60,46.00,33.20
624,فيوسي زون كريم,3,48.00,36.00,144.00,108.00
278,فيوسي كريم,3,79.00,59.96,237.00,179.88
1692,فيوسي مرهم 15مجم,1,38.00,29.09,38.00,29.09
1943,فيوسي مرهم 30مجم,1,68.00,49.36,68.00,49.36
725,فيوسيدرم كريم,4,44.00,32.91,176.00,131.64
1589,فيوسيدين كريم 15 جرام,3,56.00,43.05,168.00,129.15
1547,فيوسيدين مرهم 15 جرام,1,56.00,33.86,56.00,33.86
1980,فيوسيكورت كريم,3,100.00,79.10,300.00,237.30
2107,فيوسيكورت كريم 15 مجم,3,60.00,39.80,180.00,119.40
1391,قربة مايه بطانه لوكس,1,90.00,60.00,90.00,60.00
1458,قصافه اشكال دبدوب,3,20.00,10.00,60.00,30.00
1457,قصافه كبار,1,22.00,14.00,22.00,14.00
1825,قطن اذن خشب,2,12.00,8.00,24.00,16.00
1735,قطن اذن فيونا عود كبير,2,20.00,13.48,40.00,26.96
1164,قطن اذن كبير,4,15.00,9.25,60.00,37.00
107,قطن طبى كبير 100 جرام,3,15.00,10.20,45.00,30.60
108,قطن طبى وسط  50 جرام,19,10.00,5.10,190.00,96.90
111,قطن طبي الصياد 25 جم,36,6.00,2.80,216.00,100.80
1310,قلم كحل ماتك,8,15.00,11.00,120.00,88.00
1992,كابرون 500 مجم اقراص,0,110.00,81.62,0.00,0.00
255,كابرون امبول,0,90.00,72.00,0.00,0.00
840,كابوتريل 50مجم اقراص,1,28.00,21.56,28.00,21.56
1511,كابوتون 25 مجم اقراص,1,32.00,25.60,32.00,25.60
718,كابوتين 50مجم,3,24.00,15.60,72.00,46.80
2279,كابوزايد 25/50 مجم اقراص,0,93.00,65.10,0.00,0.00
1485,كارباميد كريم 30مجم,1,40.00,29.14,40.00,29.14
1487,كارفالون 25 مجم اقراص,1,132.00,96.17,132.00,96.17
1914,كارفيد 6.25 مجم اقراص,3,45.00,32.67,135.00,98.01
1801,كارو بلس اقراص,1,125.00,100.00,125.00,100.00
2054,كارو معلق شراب,2,65.00,49.85,130.00,99.70
2156,كاست 5مجم اقراص,1,53.00,41.78,53.00,41.78
1598,كافسيد باراسيتامول للاطفال اقماع,3,58.00,44.59,174.00,133.77
726,كافسيد رضع لبوس,7,42.00,27.30,294.00,191.10
2055,كال -بريج  640اقراص,1,99.00,75.93,99.00,75.93
2023,كال ماج د كبسول,0,165.00,128.80,0.00,0.00
1524,كال_ماج كبسول,1,147.00,107.31,147.00,107.31
1169,كالاميل مرطب للجلد100م,2,49.00,39.20,98.00,78.40
2163,كالدين سي اقراص,1,95.00,70.01,95.00,70.01
1712,كالدين سي ك اقراص,1,158.00,121.60,158.00,121.60
1544,كالسيترون كبسول,2,144.00,87.08,288.00,174.16
1888,كالسيكولاج اقراص,1,85.00,67.83,85.00,67.83
948,كالسيمات 500 مجم كبسول,1,20.00,16.00,20.00,16.00
2118,كالسيوم د3 ف اقراص,1,51.00,39.72,51.00,39.72
2199,كالمير سبراى مرطب,1,140.00,110.60,140.00,110.60
1157,كالهيبارين5000و.د.,3,142.00,112.77,426.00,338.31
1670,كالوبين نقط فم,1,70.00,49.20,70.00,49.20
875,كاندلكان 16 مجم,1,60.00,43.80,60.00,43.80
1841,كاندلكان 4مجم اقراص,1,40.00,29.20,40.00,29.20
492,كاندلكان 8مجم عادي,2,48.00,35.04,96.00,70.08
872,كاندلكان بلس 12.5/16 مجم اقراص,2,74.00,55.50,148.00,111.00
277,كاندلكان بلس 32 اقراص,1,102.00,76.50,102.00,76.50
2106,كانزارتان 150 مجم اقراص,1,105.00,74.25,105.00,74.25
1385,كانيولا 20سم بينك,5,12.00,7.00,60.00,35.00
1382,كانيولا 22 ازرق,4,12.00,7.00,48.00,28.00
1383,كانيولا 24 اصفر,4,15.00,8.52,60.00,34.08
1407,كتافاست 50 مجم فوار,2,72.00,52.56,144.00,105.12
969,كتافلام 25مجم,1,34.00,25.16,34.00,25.16
1193,كتافلام 3/75مجم حقن,0,120.00,90.00,0.00,0.00
966,كتافلام 50مجم,4,86.00,62.78,344.00,251.12
1996,كحل ماتك ابيض,1,16.00,10.00,16.00,10.00
1400,كحول اسبراى 70م,1,20.00,12.45,20.00,12.45
1999,كحول طبي 125مل,3,25.00,14.85,75.00,44.55
1576,كروماكس اقراص,0,177.00,131.10,0.00,0.00
1807,كريستاتين 10 مجم اقراص,1,106.50,78.06,106.50,78.06
1208,كريم الو ايفا بالصبار 185 م,1,80.00,70.50,80.00,70.50
65,كريم ايفا  للبشره وسط,3,30.00,20.00,90.00,60.00
42,كريم ايفا ب العسل,4,15.00,10.00,60.00,40.00
69,كريم ايفا ب العسل كبير,1,55.00,40.00,55.00,40.00
1145,كريم ايفا ب العسل للشعر  صغير,1,30.00,23.30,30.00,23.30
1105,كريم ايفا بالجرسلين50مل,3,35.00,23.00,105.00,69.00
1104,كريم ايفا بالخيار 20مل,2,15.00,10.25,30.00,20.50
1103,كريم ايفا بالعسل 50 م,2,28.00,21.00,56.00,42.00
1144,كريم ايفا شعر بالعسل,1,50.00,33.30,50.00,33.30
68,كريم ايفا كبير بشره جافه,1,60.00,41.00,60.00,41.00
2263,كريم ايفا للبشره بالزبادي والخيار,1,60.00,41.00,60.00,41.00
1106,كريم بالمرز للشعر100م,2,150.00,126.50,300.00,253.00
70,كريم ترشوب,1,80.00,65.00,80.00,65.00
1300,كريم ترطيب كير اند مور 75 مل,1,45.00,31.00,45.00,31.00
1301,كريم ترطيب كير اند مور 75 مل,1,45.00,31.00,45.00,31.00
1740,كريم تمارا صغير,4,18.00,11.65,72.00,46.60
1739,كريم تمارا وسط,2,22.00,16.50,44.00,33.00
1305,كريم جليسوليد 100ملل,1,55.00,41.25,55.00,41.25
1291,كريم جليسوليد 20 م,2,18.90,14.35,37.80,28.70
1292,كريم جليسوليد 40 م,1,36.00,27.00,36.00,27.00
1306,كريم جليسوليد 50ملل,1,35.00,26.60,35.00,26.60
1293,كريم جليسوليد 80 م,1,60.00,49.50,60.00,49.50
1014,كريم حلاقه تماره كبير,2,20.00,15.40,40.00,30.80
1015,كريم حلاقه خمس خمسات,2,25.00,23.00,50.00,46.00
976,كريم سبوتلس انبوبه,1,25.00,20.35,25.00,20.35
1232,كريم صنفره دايموند,2,28.00,20.00,56.00,40.00
1248,كريم فاتيكا بالارجان 190 م,1,73.00,58.20,73.00,58.20
1249,كريم فاتيكا حبه سودا 190 م,1,75.00,58.20,75.00,58.20
1247,كريم فانيكا  بالحبه السودا 125 م,1,55.00,42.67,55.00,42.67
1290,كريم لونا للتشققات 40 م,2,40.00,30.00,80.00,60.00
467,كريم مارفيل,1,170.00,129.20,170.00,129.20
1240,كريم منك  للشعر كبير,2,49.00,36.30,98.00,72.60
1308,كريم منك بجوز الهند كبير,1,50.00,36.30,50.00,36.30
1307,كريم منك بزيت اللوز كبير,1,50.00,36.30,50.00,36.30
1552,كريم نتائج الطبيعه بديل للبروتين,4,20.00,10.00,80.00,40.00
1011,كريم ون لازالة الشعر حساسه,4,25.00,18.42,100.00,73.68
1012,كريم ون لازالة الشعر عاديه,4,25.00,18.25,100.00,73.00
1013,كريم ون لازالة الشعر للبشره الجافه,4,24.00,18.42,96.00,73.68
1438,كريم ويلوفنج %2,2,48.00,37.44,96.00,74.88
2257,كفلكس250م/5ملل شراب,1,37.00,27.84,37.00,27.84
855,كلاريتين للحساسيه,2,110.00,82.50,220.00,165.00
861,كلافيموكس 1000جرام اقراص,2,130.00,87.10,260.00,174.20
947,كلافيموكس 228.5 مجم شراب,1,47.00,36.66,47.00,36.66
1758,كلافيموكس 457 مجم شراب,2,73.00,50.44,146.00,100.88
2213,كلافيموكس 652جرام اقراص,0,107.00,80.25,0.00,0.00
1813,كلوفاتيل اقراص,1,63.00,47.62,63.00,47.62
2103,كليريست اقراص,9,44.00,30.00,396.00,270.00
1560,كليكسان 60 مجم امبول,1,367.00,263.13,367.00,263.13
284,كلينداسول جل,6,26.00,20.80,156.00,124.80
868,كلينداسول محلول موضغي,4,34.00,28.22,136.00,112.88
1906,كليندام 300 مجم اقراص,1,75.00,53.69,75.00,53.69
1483,كمادات اطفال تيمبو كول,6,30.00,20.00,180.00,120.00
2081,كمامات اطفال,1,60.00,43.50,60.00,43.50
2098,كمامات كبار,1,60.00,44.50,60.00,44.50
1409,كو-افازير قطره للعين,2,39.00,28.80,78.00,57.60
1573,كو-افازير مرهم للعين,1,30.00,22.26,30.00,22.26
279,كوادريدرم كريم,1,48.00,38.40,48.00,38.40
871,كوادريدروم 15مجم كريم,3,28.00,22.40,84.00,67.20
2190,كوبال اقراص,1,33.00,24.75,33.00,24.75
2254,كوبال ف اقراص,1,60.00,43.00,60.00,43.00
2008,كوبالامين ديبو حقن,1,55.00,40.66,55.00,40.66
1706,كوجينتول 2مجم,2,40.00,27.60,80.00,55.20
1803,كوراسور اقراص,1,46.00,31.74,46.00,31.74
1500,كوراسور ان نقط فم,5,40.00,31.92,200.00,159.60
1366,كورتيبلكس للاطفال,1,42.00,33.18,42.00,33.18
1365,كورتيبلكس للكبار,1,48.00,37.92,48.00,37.92
841,كورتيلون اقراص,0,16.00,14.27,0.00,0.00
1168,كورنيتيرز جل للعين,1,41.00,31.09,41.00,31.09
957,كوكاست 10 مجم اقراص,1,49.00,36.75,49.00,36.75
956,كوكاست 4 مجم اقراص,1,37.00,27.01,37.00,27.01
2296,كوكو سويت 100جرام,1,28.00,18.90,28.00,18.90
1223,كوكو واكس عجين الوان,1,30.00,19.80,30.00,19.80
1814,كولد ستوب اقراص,4,51.00,38.55,204.00,154.20
2158,كولد كونترول اقراص,8,32.00,23.58,256.00,188.64
737,كولداتريكسي اقراص,5,63.00,48.97,315.00,244.85
971,كولشيسين 500 ميكروجرام اقراص,1,190.00,152.00,190.00,152.00
1179,كوللو ماك محلول موضعي,2,28.00,20.58,56.00,41.16
2310,كولوسالازين اي سي 500مجم اقراص,1,67.00,51.92,67.00,51.92
1582,كولوسبازمين فورت 135مجم اقراص,1,51.00,33.66,51.00,33.66
952,كولوفيرين ا اقراص,2,99.00,72.27,198.00,144.54
951,كولوفيرين اقراص,3,78.00,59.28,234.00,177.84
950,كولوفيرين د اقراص,2,105.00,78.75,210.00,157.50
1512,كولونا اقراص,2,69.00,48.99,138.00,97.98
1100,كولونيا مارى خمس خمسات130مل,2,38.00,28.90,76.00,57.80
1715,كوليروز بلس 20/10ِ,1,276.00,195.96,276.00,195.96
2244,كوليروز10مجم اقراص,1,102.00,70.38,102.00,70.38
1909,كونافيوتال اقراص,1,148.00,105.90,148.00,105.90
256,كونتافيفر ان شراب,4,33.00,24.42,132.00,97.68
1815,كونترابلان تو اقراص,2,40.00,30.24,80.00,60.48
2229,كونتراكتيوبكس جيل,2,66.00,48.25,132.00,96.50
2248,كونتراهيستادين 20اقراص,1,120.00,95.88,120.00,95.88
1876,كونترولوك 20 مجم اقراص,2,100.00,80.00,200.00,160.00
873,كونترولوك 40 مجم اقراص,2,188.00,150.40,376.00,300.80
1449,كونجي كلير% 0.1 قطره للعين,1,22.00,15.84,22.00,15.84
1773,كونجيستال اقراص,12,50.00,39.60,600.00,475.20
2149,كونجيستال كولد اند كوف شراب,4,44.00,32.29,176.00,129.16
1450,كونجيكلير فورت قطره للعين,1,40.00,28.80,40.00,28.80
2105,كونفنتين 100مجم اقراص,1,54.00,38.40,54.00,38.40
1698,كونفنتين 300مجم اقراص,1,135.00,98.23,135.00,98.23
1956,كونفنتين 300مجم اقراص,0,114.00,85.72,0.00,0.00
2052,كونفنتين 400مجم اقراص,1,150.00,109.50,150.00,109.50
1885,كونكور 10 بلاس اقراص,2,108.00,86.18,216.00,172.36
2022,كونكور 10 مجم,1,99.00,77.31,99.00,77.31
955,كونكور 5 مجم اقراص,0,72.00,56.16,0.00,0.00
1497,كونكور 5بلاس اقراص,1,72.00,54.00,72.00,54.00
954,كونكور كور 2.5مجم اقراص,2,60.00,43.20,120.00,86.40
1593,كويتابكس 25 مجم اقراص,0,87.00,61.44,0.00,0.00
264,كيبرون 300 اقراص,1,132.00,102.96,132.00,102.96
1957,كيبوركس 1جم اقراص,1,78.00,62.40,78.00,62.40
1886,كيتوفان 25 مجم اقراص,1,33.00,26.00,33.00,26.00
962,كيتوفان 50مجم,2,45.00,28.80,90.00,57.60
1363,كيتولاك 30مجم/2ملل امبول,1,60.00,40.80,60.00,40.80
1529,كيروفيت كبسولات,1,150.00,141.00,150.00,141.00
683,كيريلا لوسيون,4,31.00,22.61,124.00,90.44
1460,كيس جمع بول كبار ابيض,7,15.00,9.30,105.00,65.10
727,كيناكومب كريم صغير,3,36.00,23.40,108.00,70.20
1717,كيورام 1جم اقراص,2,182.00,127.40,364.00,254.80
719,كيورام 312.5/5ملل,2,82.00,53.30,164.00,106.60
1874,كيورام 457/5 مجم شراب,1,97.00,78.57,97.00,78.57
720,كيورام 625مجم اقراص,1,108.00,85.77,108.00,85.77
1519,لاجار نقط بالفم,1,70.00,54.60,70.00,54.60
471,لاري برو اقراص,3,44.00,28.60,132.00,85.80
965,لازيلاكتون 100مجم,0,186.00,135.78,0.00,0.00
970,لازيلاكتون 50مجم,2,126.00,90.72,252.00,181.44
463,لاسيكس اقراص,1,30.00,23.40,30.00,23.40
581,لاسيكس امبول 20مجم,2,36.00,27.00,72.00,54.00
1505,لاكتو لبن رقم 2,1,210.00,189.00,210.00,189.00
576,لاكتوديل 2.5مجم,2,72.00,51.93,144.00,103.86
566,لاكتيفينور 0.03 اقراص,1,25.00,19.50,25.00,19.50
1557,لاكتيول فورت اكياس فوار,0,120.00,86.04,0.00,0.00
460,لاكريتيرز قطره,1,49.00,34.79,49.00,34.79
575,لاميفين 125مجم,2,78.00,54.60,156.00,109.20
850,لاميفين 15جرام كريم,2,18.00,12.14,36.00,24.28
1516,لاميفين 250 مجم اقراص,1,112.00,76.16,112.00,76.16
1772,لاناكلور 250 مجم شراب,1,136.00,107.70,136.00,107.70
1166,لانتوس سلوستار 5 قلم,0,1244.00,943.30,0.00,0.00
489,لايس نقط,2,15.00,10.20,30.00,20.40
1422,لبخه كاولينا,3,18.00,10.00,54.00,30.00
1371,لبن لاكتو1 400جرام,1,195.00,152.20,195.00,152.20
1377,لجنوكايين سبراي,4,35.00,30.10,140.00,120.40
1196,لجنوكايين5%جل,3,24.00,18.72,72.00,56.16
2311,لوبريستيرا قطره,1,83.00,64.32,83.00,64.32
462,لوبريفيسك قطره,2,32.00,22.72,64.00,45.44
579,لوبريكف شراب للكحه,11,45.00,27.90,495.00,306.90
1852,لوبيكونت 24مجم ك اقراص,1,176.00,126.72,176.00,126.72
1754,لوبيكونت 8مجم اقراص,1,52.00,38.48,52.00,38.48
1369,لوتوفولون حقن,2,40.00,29.60,80.00,59.20
2150,لورنوكسيكام امبول,2,32.00,23.48,64.00,46.96
1721,لوسترال 50مجم اقراص,2,136.00,95.94,272.00,191.88
1546,لوسيدريل 250 مجم اقراص,1,92.00,55.64,92.00,55.64
133,لوسيدريل 500 مجم,1,150.00,117.00,150.00,117.00
276,لوفير 400مجم اقراص,2,76.00,59.28,152.00,118.56
2037,لولاوست اكياس,1,96.00,74.68,96.00,74.68
1295,لونا للتشققات 20 م,4,23.00,16.00,92.00,64.00
1294,لونا للشفاه ليب ثرابي 10 م,2,55.00,39.00,110.00,78.00
577,لوهيدران اكياس,2,32.00,24.96,64.00,49.92
142,لي لي دش مهبلي,1,69.90,51.03,69.90,51.03
459,ليبانتيل 300مجم اقراص,1,126.00,89.46,126.00,89.46
2085,ليبيتور 80 مجم اقراص,1,236.00,172.50,236.00,172.50
127,ليت اب غسول,1,190.00,142.50,190.00,142.50
722,ليدوكايين 2% 20مجم/ملل,4,33.00,21.45,132.00,85.80
2089,ليرجيكير شراب,1,31.00,26.00,31.00,26.00
140,ليسيد لوسيون موضعي,4,40.00,32.00,160.00,128.00
137,ليفابيون امبول,2,96.00,67.20,192.00,134.40
136,ليفانيك 500 محم,1,92.00,60.70,92.00,60.70
129,ليفانيك 750,2,66.00,43.56,132.00,87.12
125,ليفست,1,85.00,62.00,85.00,62.00
123,ليفست نقط,1,36.00,25.00,36.00,25.00
1337,ليفه كف,2,25.00,19.25,50.00,38.50
1535,ليفو كتيفان شراب,2,39.00,23.79,78.00,47.58
122,ليفوتافين 750 كبسول,1,108.00,81.00,108.00,81.00
124,ليفودل,1,67.00,45.50,67.00,45.50
866,ليفوهستام اقراص,2,117.00,73.71,234.00,147.42
896,ليفوهستام شراب,3,39.00,24.57,117.00,73.71
130,ليفوهستام نقط فم,2,46.00,42.94,92.00,85.88
1870,ليفياكول مساج جل,1,120.00,94.68,120.00,94.68
114,ليلاك جل مرطب 100مل,1,325.00,275.00,325.00,275.00
115,ليلاك صن بلوك  100 مل,1,325.00,278.00,325.00,278.00
141,ليليبل 10 مجم,2,120.00,96.00,240.00,192.00
1501,ليليبل 4مجم اكياس,2,93.00,74.21,186.00,148.42
135,ليليبل5مجم اقراص,2,92.00,73.60,184.00,147.20
143,ليمت ليس ومان,1,240.00,192.00,240.00,192.00
838,ليمتلس الزايم ماكس,1,145.00,108.75,145.00,108.75
886,ليمتلس اوسوفورتين د 3 5000 وحده اقراص,1,115.00,82.80,115.00,82.80
619,ليمتلس اوميجا 3 ايفا,2,230.00,184.00,460.00,368.00
834,ليمتلس بريناتال ماكس,0,210.00,170.10,0.00,0.00
776,ليمتلس بي كومبلكس او دي اف,2,135.00,98.13,270.00,196.26
131,ليمتلس كروماكس,0,399.00,271.20,0.00,0.00
2045,ليمتلس كيدز شراب,1,112.00,89.60,112.00,89.60
2322,ليمتلس ماغنسيوم اقراص,0,210.00,155.90,0.00,0.00
620,ليمتلس مان ماكس,2,240.00,192.00,480.00,384.00
1620,ليمتلس ميلجا ماكس اقراص,1,248.00,176.30,248.00,176.30
2132,ليندو سبراي 120مل,1,160.00,116.40,160.00,116.40
2184,لينكس كريم,1,70.00,50.82,70.00,50.82
1998,ماء اكسجين %10,2,14.00,7.85,28.00,15.70
1394,ماء اوكسيجين %10,1,12.00,8.00,12.00,8.00
1395,ماء اوكسيجين %20,3,17.50,8.25,52.50,24.75
1396,ماء اوكسيجين %30,1,17.50,8.25,17.50,8.25
1649,ماء معقم 5 سم للحقن,0,300.00,228.00,0.00,0.00
1899,ماء ورد اسبراي,3,15.00,9.90,45.00,29.70
78,ماء ورد العراب,2,37.00,27.50,74.00,55.00
1723,ماجيك اويل 60مل,2,80.00,56.43,160.00,112.86
461,ماجيك كريم,1,130.00,92.30,130.00,92.30
470,مارفيتنس 12.5مجم,1,87.00,65.25,87.00,65.25
465,مارك فاست اقراص,1,54.00,39.42,54.00,39.42
472,ماركال 700مجم,1,90.00,65.70,90.00,65.70
1756,ماركال بلس اقراص,2,105.00,80.22,210.00,160.44
458,ماريفان 3جم,1,36.00,27.72,36.00,27.72
466,ماريفان 5مجم,1,78.00,62.40,78.00,62.40
1148,ماسك حليب بوبانا ازرق 250جرام,1,63.00,43.00,63.00,43.00
1431,ماسك نيبو لايزر اطفال,1,20.00,12.50,20.00,12.50
1393,ماسك نيبولايزر اطفال ميدكير,14,20.00,11.00,280.00,154.00
1392,ماسك نيبولايزر كبار فوكس,8,25.00,13.40,200.00,107.20
1963,مافيلور 10مجم اقراص,2,159.00,117.30,318.00,234.60
2064,مافيلور 5مجم اقراص,1,105.00,78.05,105.00,78.05
1581,مافيلور بلس 12.5/5مجم اقراص,1,108.00,81.00,108.00,81.00
1775,ماكروفيوران 100مجم اقراص,1,82.00,64.94,82.00,64.94
522,ماكروفيوران 50مجم,1,32.00,22.40,32.00,22.40
944,ماكس برو لوشن 120 ملل,1,54.00,41.80,54.00,41.80
2207,ماكسدينير 150مجم /5م شراب,2,70.00,46.58,140.00,93.16
1182,ماكسدينير 250 مجم شراب,2,92.00,67.64,184.00,135.28
1523,ماكسيتارد 100وحده عادي,3,130.00,118.30,390.00,354.90
945,ماكسيكان دشراب,1,48.00,33.60,48.00,33.60
516,ماكسيلاز شراب,4,57.00,37.62,228.00,150.48
1331,ماكينه جيليت حريمى,0,90.00,77.00,0.00,0.00
1328,ماكينه حلاقه دوركو ازرق,2,17.00,12.65,34.00,25.30
1329,ماكينه حلاقه دوركو اصفر,0,80.00,66.75,0.00,0.00
915,مالتى بد مكمل غذائى,1,55.00,41.80,55.00,41.80
185,مالتى ريلاكس 10مجم,1,42.00,31.50,42.00,31.50
168,مالتى ريلاكس 5جرام,1,36.00,27.00,36.00,27.00
856,مالوكس اكياس,0,120.00,97.20,0.00,0.00
1534,مالوكس بلس شراب,2,76.00,60.00,152.00,120.00
181,مامي ميلك اقراص,1,99.00,63.36,99.00,63.36
1843,ماي سويت بيبي شراب,2,50.00,37.05,100.00,74.10
1432,ماي كيدز شامبو,1,100.00,80.00,100.00,80.00
1433,مايكيدز لوشن,1,75.00,59.25,75.00,59.25
179,مبروسين ساجا 20 جرام مرهم موضعي,1,83.00,62.25,83.00,62.25
176,متروهيلر قرص بخاخ,1,172.00,129.00,172.00,129.00
2290,محلول جلوكوز%5,2,27.00,19.74,54.00,39.48
1403,محلول رنجر عادي,7,24.00,17.24,168.00,120.68
1405,محلول ملح %9,10,24.00,16.32,240.00,163.20
2099,مخمريه العود الملكى بالعود,1,30.00,25.89,30.00,25.89
1892,مخمريه العود الملكي,1,32.00,24.75,32.00,24.75
34,مرطب شفايف لونا,35,20.00,12.50,700.00,437.50
1421,مرهم راسب ابيض,5,10.00,6.00,50.00,30.00
1425,مزيل عرق ايمبر وبرايف ابيض,1,125.00,95.00,125.00,95.00
1320,مزيل عرق رجالي XL,1,120.00,89.65,120.00,89.65
1279,مزيل عرق ستارفيل ابيض,1,130.00,95.75,130.00,95.75
1280,مزيل عرق ستارفيل بني,1,130.00,95.75,130.00,95.75
1278,مزيل عرق ستارفيل بينك,1,130.00,95.75,130.00,95.75
1662,مس ازرق اسبراي,2,15.00,8.85,30.00,17.70
2299,مس ازرق اسبراي,1,15.00,8.85,15.00,8.85
1413,مس جنتيانا اسبراي للجروح,1,20.00,13.25,20.00,13.25
1420,مس كستلاني,1,10.00,7.25,10.00,7.25
1135,معجون اسنان دابر مسواك صغير اغضر,3,23.00,16.00,69.00,48.00
1133,معجون اسنان دابر مسواك كبير اغضر,1,39.00,32.50,39.00,32.50
1134,معجون اسنان دابر مسواك كبير اغضر,2,39.00,32.50,78.00,65.00
1018,معجون اطفال فلورو اللبان,1,30.00,21.50,30.00,21.50
1019,معجون اطفال فلورو كولا,1,30.00,21.50,30.00,21.50
1006,معجون سيجنال 120 مل,3,57.00,47.30,171.00,141.90
52,معجون سيجنال كبير,1,80.00,50.00,80.00,50.00
1004,معجون سيجنال مبيض 50 مل,1,33.75,28.50,33.75,28.50
47,معجون سينسوداين كبير,1,105.00,85.00,105.00,85.00
48,معجون سينسوداين وسط,1,70.00,57.50,70.00,57.50
1020,معجون كلوس اب 25 مل,1,19.00,15.00,19.00,15.00
49,معجون كلوس اب كبير,1,55.00,42.50,55.00,42.50
50,معجون كلوس اب كبير,1,55.00,42.50,55.00,42.50
1121,معطر جو فريده ارابيسك 460ملل,1,70.00,52.25,70.00,52.25
1118,معطر جو فريده بهجه 460ملل,1,70.00,52.25,70.00,52.25
1119,معطر جو فريده عود 460ملل,2,70.00,52.25,140.00,104.50
1120,معطر جو فريده كنزي 460ملل,2,70.00,52.25,140.00,104.50
1412,ملح انجليزي اكياس,6,10.00,6.05,60.00,36.30
998,مناديل  مبللة بيبي كير,2,15.00,10.00,30.00,20.00
41,مناديل زينه,2,30.00,23.50,60.00,47.00
987,مناديل وايت,7,30.00,24.00,210.00,168.00
1948,منك حمام كريم 400 افوكادو,1,60.00,50.00,60.00,50.00
1537,منك حمام كريم 800ملل  توم روزماري موف,1,100.00,85.00,100.00,85.00
2303,موبيتيل 15جم اقراص,1,36.00,25.00,36.00,25.00
503,موبيتيل حقن/المهن,1,39.00,23.40,39.00,23.40
2233,موتيليوم اقراص,1,100.00,74.70,100.00,74.70
1586,موتينورم شراب,2,31.00,23.83,62.00,47.66
2161,مودابكس 50مجم اقراص,1,111.00,81.80,111.00,81.80
2135,مور قطن ازاله مكياج,1,40.00,33.00,40.00,33.00
972,موزابرايد 5مجم,0,132.00,92.40,0.00,0.00
2231,موسكو كريم,1,95.00,68.68,95.00,68.68
495,موفكسير 500/50مجم اقراص,2,78.00,57.72,156.00,115.44
494,موفلوكس 400مجم,1,184.00,128.80,184.00,128.80
1834,موفيجيت 50 مجم اقراص,1,60.00,39.00,60.00,39.00
505,موفيزي 5مجم,0,60.00,43.80,0.00,0.00
173,موكسن 15 مجم قرص,1,46.00,30.36,46.00,30.36
578,موكسيفلوكس 400 مجم اقراص,1,180.00,128.80,180.00,128.80
1911,موكسيفلوكس 5مجم قطره,1,33.00,23.62,33.00,23.62
2265,مولبد دبل طويل جدا,2,55.00,40.00,110.00,80.00
999,مولبد س طويل جدا,1,32.00,25.00,32.00,25.00
36,مولبد طويل,2,50.00,40.00,100.00,80.00
2136,مولبد ماكس طويل,3,33.00,27.00,99.00,81.00
982,مولفيكس 1,1,300.00,265.00,300.00,265.00
100,مولفيكس 2,0,300.00,260.00,0.00,0.00
101,مولفيكس 3,0,340.00,300.00,0.00,0.00
105,مولفيكس 4,2,340.00,300.00,680.00,600.00
978,مولفيكس 4,1,450.00,410.00,450.00,410.00
979,مولفيكس 5 عبوة كبيرة,0,455.00,415.00,0.00,0.00
983,مولفيكس 6,0,360.00,330.00,0.00,0.00
2173,مولفيكس 6 بريميوم,0,368.00,315.00,0.00,0.00
1896,مولفيكس رقم 5,1,400.00,359.00,400.00,359.00
1887,مومينتا كريم موضعي,2,55.00,43.89,110.00,87.78
580,مونو ماك 40مجم,1,43.00,32.25,43.00,32.25
567,مونو ماك ديبو اقراص,1,48.00,36.00,48.00,36.00
571,مونوماك 20مجم,1,28.00,21.28,28.00,21.28
733,مونيكيور 400مجم لبوس,3,24.00,15.60,72.00,46.80
570,موهير لسيون سبراي,1,175.00,140.00,175.00,140.00
487,مووف مساج كريم,2,23.00,14.93,46.00,29.86
565,مويست1 مرطب,1,180.00,131.40,180.00,131.40
170,ميبافاج ممتد المفعول 1000 مجم,2,52.50,36.75,105.00,73.50
731,ميبافيوران 100مجم,2,54.00,35.10,108.00,70.20
498,ميباكوفنت شراب,1,16.50,12.37,16.50,12.37
2258,ميبو 30 جم كريم,1,190.00,160.00,190.00,160.00
920,ميبو كريم,2,109.00,94.83,218.00,189.66
172,ميبيفاك ممتد المفعول قرص200مجم,1,99.00,72.27,99.00,72.27
1507,ميتابسين اقراص,1,110.00,80.96,110.00,80.96
1657,ميتفيلدازون50/1000مجم اقراص,1,150.00,117.00,150.00,117.00
813,ميثايلتكنو 30فيلم,1,135.00,105.30,135.00,105.30
1575,ميثرجين 0.125 مجم اقراص,2,15.00,11.13,30.00,22.26
184,ميجافين ان شراب,2,35.00,25.55,70.00,51.10
174,ميجافين قرص مسكن وخافض للحراره,1,60.00,37.20,60.00,37.20
1829,ميجاليز مانجو شراب,2,31.00,24.24,62.00,48.48
504,ميجاليز مضاد للالتهابات,1,72.00,48.24,72.00,48.24
906,ميجاموكس 1مجم اقراص,2,178.00,69.42,356.00,138.84
2154,ميجاموكس 228مجم شراب,1,70.00,53.76,70.00,53.76
903,ميجاموكس 457 جرام شراب,1,100.00,80.00,100.00,80.00
905,ميجاموكس 625 ملجم اقراص,1,143.00,111.50,143.00,111.50
2153,ميجاموكس 642.9شراب,1,107.00,85.60,107.00,85.60
285,ميدودرين 2.5,2,50.00,33.50,100.00,67.00
568,ميدودرين نقط  10ملليلتر,1,67.00,53.60,67.00,53.60
2270,ميرفيناسين 5/25مجم اقراص,1,277.50,201.46,277.50,201.46
165,ميكاسين 250 جرام اسبراي,3,53.00,38.16,159.00,114.48
1656,ميكروسيرك 24مجم اقراص,1,62.00,45.26,62.00,45.26
573,ميكسدرم كريم صغير,2,24.00,16.80,48.00,33.60
1180,ميكسورا اقراص,1,120.00,96.00,120.00,96.00
1183,ميكليزيجو25مجم  للغثيان,0,90.00,70.20,0.00,0.00
2086,ميكوجيل شراب,4,37.00,27.74,148.00,110.96
728,ميكوناز اورال جيل للفم,3,23.00,14.95,69.00,44.85
569,ميكوناز كريم,1,15.00,11.40,15.00,11.40
1612,ميلاكريست  3مجم لازقه للفم,1,90.00,51.22,90.00,51.22
1613,ميلاكريست 1.5مجم لازقه للفم,1,80.00,45.53,80.00,45.53
167,ميلانثينول جل مرطب,1,60.00,39.60,60.00,39.60
1836,ميلانثينول كريم,1,60.00,39.00,60.00,39.00
1486,ميلجا ادفانس اقراص,2,150.00,115.00,300.00,230.00
169,ميلجا اقراص,1,108.00,77.76,108.00,77.76
1652,ميلوكين %4 كريم,2,60.00,42.00,120.00,84.00
859,ميمونتكس اقراص,1,440.00,330.00,440.00,330.00
1759,مينا لاكس اقراص,3,18.00,12.43,54.00,37.29
82,مينك هير واكس,1,50.00,35.00,50.00,35.00
1931,مينك هير واكس كريم 100مل,1,35.00,22.50,35.00,22.50
1404,مينوكسيديل فورت % 5جيل موضغي,1,127.00,86.36,127.00,86.36
180,ميوفين اقراص,0,54.00,34.56,0.00,0.00
836,ميوكو 75مجم اقراص,3,64.00,55.40,192.00,166.20
177,ميوكو شراب 100,3,35.00,27.30,105.00,81.90
496,ميوكوبريف 600مجم,1,75.00,54.75,75.00,54.75
183,ميوكوبكت شراب,2,33.00,23.10,66.00,46.20
171,ميوكوتك 300 مجم اقراص,2,144.00,108.00,288.00,216.00
144,ميوكوستا لعلاج التهاب وقرحه المعده,1,114.00,85.50,114.00,85.50
182,ميوكوسول 125مجم/5مللي شراب,3,23.00,16.56,69.00,49.68
2246,ميوكوسول 250/5مل شراب,1,30.00,21.00,30.00,21.00
178,ميوكوفللين مذيب للبلغم 125مملى شراب,2,50.00,31.00,100.00,62.00
175,ميوييراكس كريم,1,48.00,38.40,48.00,38.40
507,نابي فت100مجم,1,96.00,29.76,96.00,29.76
1777,نابيبرادين 5مجم اقراص,1,234.00,185.30,234.00,185.30
2133,نابيزول 40 مجم اقراص,1,62.00,43.99,62.00,43.99
1550,نابيزول امبول,3,60.00,36.28,180.00,108.84
2197,ناتالو كريم مرطب,1,125.00,85.00,125.00,85.00
1609,ناتريليكس اس ار 1.5مجم اقراص,2,55.00,38.84,110.00,77.68
2191,نازاكورت اي كيو بخاخ,1,151.00,120.80,151.00,120.80
1959,نازوستوب % 0.05 نقط للانف,3,20.00,13.50,60.00,40.50
499,نازوفلوتين بخاخ,1,90.00,64.80,90.00,64.80
2187,نازونكس بخاخ,1,157.00,125.60,157.00,125.60
1707,نافكوزول قطرة للعين,1,8.00,6.24,8.00,6.24
2222,نافوبروكسين اقماع,2,17.00,11.25,34.00,22.50
793,نافوبروكسين بلس اقراص,1,44.00,31.98,44.00,31.98
1751,نان لبن رقم 1,1,350.00,318.50,350.00,318.50
506,نانازوكسيد شراب,3,39.00,24.96,117.00,74.88
1671,نانودام اسبراى,1,100.00,77.00,100.00,77.00
1850,نانودام سبراي هيبر تونيك,1,110.00,85.80,110.00,85.80
917,نايت كالم 1مجم,1,60.00,44.11,60.00,44.11
918,نايت كالم 3مجم,0,105.00,77.20,0.00,0.00
497,نت لوك20مجم كبسول,1,274.00,200.02,274.00,200.02
1515,نرهافلكس 20 مجم,1,90.00,72.00,90.00,72.00
1444,نستوجين 1,1,255.00,232.05,255.00,232.05
1456,نعناع ايزيس 12 كيس,1,18.50,12.25,18.50,12.25
1988,نكسيام 40مجم اقراص,0,488.00,366.00,0.00,0.00
1808,نو-يورك 300مجم اقراص,1,38.00,28.72,38.00,28.72
1549,نو-يوريك 100 مجم اقراص,2,65.00,39.31,130.00,78.62
1153,نوتروفا غسول للبشره 200مل,1,120.00,93.50,120.00,93.50
493,نوتوسيل شراب كبير,2,71.00,48.28,142.00,96.56
904,نودي يخاخ مرطب,1,110.00,79.20,110.00,79.20
1713,نورمو-تيرز قطره للعين,2,26.00,16.12,52.00,32.24
1787,نورينوز بخاخ للانف,1,90.00,64.98,90.00,64.98
486,نوفالجين امبولات,1,20.25,14.27,20.25,14.27
1113,نوفالجين اوبلونج 500 مجم اقراص,2,20.00,14.68,40.00,29.36
908,نوفو نورم 0.5 مجم اقراص,1,31.20,26.52,31.20,26.52
907,نوفو نورم 1مجم اقراص,1,44.00,37.84,44.00,37.84
448,نوفيستوريك 20,1,72.00,51.12,72.00,51.12
1378,نولفادكس 10,0,160.00,137.60,0.00,0.00
2227,نيتازود شراب,2,44.00,32.00,88.00,64.00
1726,نيترو ماك ريتارد 2.5 مجم,3,96.00,72.96,288.00,218.88
478,نيتروماك ريتارد 5مجم,1,72.00,51.12,72.00,51.12
1734,نيرفاكتوري اقراص,1,147.00,113.10,147.00,113.10
2009,نيرهاسيلدا75  فيلم,1,88.00,69.00,88.00,69.00
893,نيزابكس شامبو,2,68.00,51.00,136.00,102.00
2325,نيزورال شامبو,1,68.00,50.10,68.00,50.10
2292,نيستاتين نقط,1,30.00,22.47,30.00,22.47
1676,نيفكسال فورت قطره للعين,1,44.00,30.80,44.00,30.80
2343,نيفكسال قطره عين,1,26.00,18.69,26.00,18.69
2255,نيفيا  بليه بلاك &وايت سموث,1,85.00,66.00,85.00,66.00
2218,نيفيا بلية رجالي,1,80.00,66.00,80.00,66.00
1912,نيفيا بليه رجالى ديب,1,80.00,66.50,80.00,66.50
1309,نيفيا بليه كلير,1,85.00,68.75,85.00,68.75
92,نيفيا رول اون سيدات,1,75.00,67.50,75.00,67.50
96,نيفيا سوفت كريم 100,2,70.00,50.00,140.00,100.00
98,نيفيا سوفت كريم20,2,25.00,17.50,50.00,35.00
54,نيفيا كريم مرطب,1,45.00,30.00,45.00,30.00
90,نيفيا للرجال ضد البكتيريا,1,75.00,67.50,75.00,67.50
89,نيفيا للسيدات,2,75.00,67.50,150.00,135.00
475,نيفيلوب 5/25مجم بلس,1,92.00,63.48,92.00,63.48
476,نيفيلوب بلاس 5/12.5مجم,2,86.00,60.20,172.00,120.40
474,نيفيلوب5مجم,3,99.00,69.30,297.00,207.90
484,نيكسيكيور 2.5 اكياس,1,168.00,134.40,168.00,134.40
488,نيكسيكيور 20مجم,3,64.00,46.08,192.00,138.24
479,نيكسيكيور 40مجم اقراص,2,152.00,104.88,304.00,209.76
485,نيكسيكيور5 مجم اكياس,0,168.00,132.72,0.00,0.00
2050,نيل 15 لوشن للاظافر,2,65.00,49.17,130.00,98.34
523,نيو-كلاف 642 شراب,3,90.00,63.00,270.00,189.00
526,نيو-كلاف457مجم,2,88.00,64.24,176.00,128.48
480,نيوترا جار اكياس,2,90.00,66.60,180.00,133.20
1776,نيوتريترو اف اي اقراص,1,60.00,47.52,60.00,47.52
527,نيوروباتكس 600مجم,1,134.00,85.76,134.00,85.76
2036,نيوروتون اقراص,0,96.00,74.68,0.00,0.00
518,نيوروتون امبول,2,66.00,49.50,132.00,99.00
1983,نيوروجلوبنتين 100مجم اقراص,0,54.00,40.50,0.00,0.00
517,نيوروفيت اقراص,1,102.00,71.40,102.00,71.40
520,نيوروفيت اقراص,1,102.00,69.36,102.00,69.36
519,نيوزوليد600مجم,1,52.00,36.40,52.00,36.40
483,نيوفيستوريك 10مجم,1,54.00,38.88,54.00,38.88
1536,هابينس زيت 200ملل اطفال,2,300.00,235.00,600.00,470.00
1979,هالوبيريدول 5مجم امبول,1,65.00,51.41,65.00,51.41
1981,هالونيز 1.5 مجم اقراص,1,13.00,10.28,13.00,10.28
909,هانتر كريم للبشره,1,130.00,102.70,130.00,102.70
1000,هاند ووش ديفا بينك,1,40.00,35.00,40.00,35.00
1001,هاند ووش ديفا موف,1,40.00,35.00,40.00,35.00
913,هاى فريش قطره للعين,1,75.00,54.75,75.00,54.75
1750,هاي بانتين بلس كريم,1,60.00,46.48,60.00,46.48
481,هاي بانتين بلس لوسيون,1,55.00,37.95,55.00,37.95
443,هاي بيوتك 1جم,3,173.00,122.33,519.00,366.99
451,هاي بيوتك 600مجم شراب,3,92.00,66.24,276.00,198.72
2278,هاي بيوتك 625مجم اقراص,1,143.00,112.00,143.00,112.00
477,هاي بيوتك ان شراب 457مجم,2,80.00,55.20,160.00,110.40
442,هاي ديرم كريم,1,55.00,36.85,55.00,36.85
910,هاي فريش قطره عين,1,75.00,54.75,75.00,54.75
521,هاي ماكس بخاخ 100مل,1,130.00,91.00,130.00,91.00
445,هستازين 1 شراب,2,34.00,24.12,68.00,48.24
586,هكسيتول 125مجم غرغره,1,49.90,37.42,49.90,37.42
2166,هياكيرينول قطره للعين,1,56.00,39.20,56.00,39.20
1804,هيالو فور كنترول صغير,1,319.00,296.60,319.00,296.60
447,هيدرافيت كريم,1,60.00,33.60,60.00,33.60
1554,هيدروفيوسيديك كريم,4,58.00,41.58,232.00,166.32
1932,هيدرين وانس سبراي جيل,1,240.00,192.00,240.00,192.00
1743,هيربال معجون اسنان بالفحم 140,1,45.00,35.75,45.00,35.75
584,هيربانا كبسول,1,120.00,84.00,120.00,84.00
454,هيرتونك اقراص,2,190.00,140.00,380.00,280.00
1687,هيرو برو نقط,1,95.00,76.00,95.00,76.00
1198,هيرو بيبي رقم 2,1,264.00,198.00,264.00,198.00
1686,هيرو د3 +ك2 نقط,1,95.00,76.00,95.00,76.00
1680,هيرو دي3 نقط,2,60.00,43.95,120.00,87.90
449,هيلسك 10,1,32.00,22.40,32.00,22.40
452,هيلسك20مجم اقراص,1,47.00,34.78,47.00,34.78
453,هيلسك40مجم,1,73.00,54.02,73.00,54.02
2247,هيليكيور اقراص,1,240.00,182.40,240.00,182.40
587,هيموجيت امبول,2,130.00,101.40,260.00,202.80
455,هيموستوب امبولات,1,27.00,21.60,27.00,21.60
446,وان الفا .0.25,1,108.00,86.40,108.00,86.40
1953,وان تو ثرى اقراص,4,40.00,30.08,160.00,120.32
1901,وايت مناديل,1,30.00,24.15,30.00,24.15
902,وودي مساج جل,2,80.00,60.80,160.00,121.60
1568,ويديبريكس 40مجم اقراص,2,104.00,72.38,208.00,144.76
1564,ويديبريكس شراب,1,83.00,57.76,83.00,57.76
585,ويست اير 4مجم,0,98.00,71.54,0.00,0.00
2321,ويندبين اقراص 5مجم,1,21.00,15.50,21.00,15.50
588,وينزوكسيب 90مجم,1,204.00,153.00,204.00,153.00
912,ياسمينا اقراص,1,205.00,180.40,205.00,180.40
1862,يو ريتشي بانثينول ادفانس كريم جل,1,85.00,61.19,85.00,61.19
1976,يو-ريتشي بانثينول كريم,1,30.00,21.60,30.00,21.60
2339,يوثيروكس 50مجم اقراص,1,92.00,68.35,92.00,68.35
134,يور ايد ان فوار,2,38.00,27.50,76.00,55.00
661,يوراليت يو فوار,1,366.00,263.03,366.00,263.03
254,يورسولفين ان فوار,3,38.00,28.88,114.00,86.64
1643,يورونيميا 100مجم امبول,2,275.00,212.90,550.00,425.80
1982,يوريتشي بانثينول كريم جل,2,65.00,51.00,130.00,102.00
717,يوريفين-ان فوار,0,31.00,20.15,0.00,0.00
2317,يوريكنترول اقراص,1,25.00,19.50,25.00,19.50
1587,يوريكول -ان اكياس فوار,3,21.00,16.14,63.00,48.42
582,يونيسيتامول نقط100مجم,1,23.00,14.72,23.00,14.72
1112,يونيفرسال مساج اسبراي,1,145.00,116.00,145.00,116.00
1837,يونيفرسال مساج كريم,1,95.00,72.96,95.00,72.96
589,يونيفنجاي اقراص لفطريات,1,53.00,34.98,53.00,34.98
2012,يونيكتام 1500 مجم فيال,3,56.00,42.50,168.00,127.50
2013,يونيكتام 750 مجم فيال,2,39.00,29.60,78.00,59.20
