ID,Name,Barcode,Purchase Price
1479,10x12غيار لاصق استرب,4885201647235,2.1
1480,10x18 غيار لاصق استرب,4665201875334,2.45
1481,10x25 غيار لاصق استرب,4006688775219,3.0
1482,10x35 غيار لاصق استرب,4885201963745,3.8
444,123 شراب,6221000000003,22.4
211,2.5/400جليمت,6223003570187,28.8
1206,225 فيانسيه  جل كريم موف م,6223002234622,36.3
212,5/1000جليبوفين,6223003971021,34.0
1478,6x8 غيار لاصق استرب,4698521004756,1.0
1286,PINEفوج بخاخ,6224009160594,93.0
1491,Test Product,1234567890123,7.0
359,أبيمول 500,6221045000341,15.36
925,أتور 20,6221032115652,56.88
926,أتور 40,6221032115669,77.38
1616,ابي داينيترا 5مجم اقراص,6221032103314,9.1
322,ابيدون شراب,6221025004833,51.1
346,ابيديرم كريم,6224011031097,51.1
590,ابيسيفين 1جم,6221032312181,46.02
591,ابيسيفين 1جم,6221032335814,46.02
253,ابيفيناك امبول,6221032320414,28.8
1447,ابيفيناك قطره للعين,6221032330338,14.4
353,ابيكوبريد 20,6221032119667,77.0
347,ابيكوبريد 5,6221032119551,51.06
593,ابيماج فوار,6221032160584,19.94
342,ابيمول اكسترا,6221045011101,20.16
329,ابيمول لبوس5اقماع,6221045000808,10.65
355,اتاكاند 16,6223003270032,85.84
344,اتاكاند 4ملجم,6223003270001,31.0
356,اتاكاند 8,6223003270025,60.59
345,اتاكاند بلاس,6223003270049,91.64
924,اتاكاند بلاس 32,5000456012270,143.2
349,اتكوكوكسيب 90,6223004043499,167.3
340,اتورستات 10,6221163000308,39.76
343,اتورستات 20,6221163009943,44.8
357,اتورستات 40,6221163009950,51.0
360,اتورستات 80,6221163000438,46.72
341,اتوريزا 10/10,6223003570286,114.54
335,اتوريزا 10/20,6223003570545,98.7
348,اتوريزا 10/40,6223003571344,151.2
321,اجيرا كريم حب شباب,6224007394823,108.12
352,اجيولاكس,6221043040004,64.0
1338,اختبار حمل,4120368754220,7.25
1387,اختبار حمل يو تست كارت,6224011150019,6.25
305,ادابالين جيل,6223002570119,23.46
1173,ادرينوكورتين امبول,6224000588038,59.2
358,ادلور 10 اقراص,6221151442462,25.2
923,ادول ازرق,6291100080069,23.1
843,ادول اكسترا اقراص,6291100080557,41.29
330,ادولور30مجم,6223000013748,23.76
338,ادويتين 30,6223002978458,167.67
331,ادويتين60مجم,6223002978465,185.35
1566,ادويفلام امبول,6223002978052,50.11
1555,ادويفلام جل,6223002972005,39.43
436,ادويفلام50,6223002977413,21.17
967,اديوفلام 12.5 مجم,6223002971992,108.04
1221,ارثروفاست 150 مجم اقراص,4012587456321,92.05
1528,ارثينور اقراص,6224001026386,17.94
1149,ارجنتو  غسول 200ملل,6223059157555,98.0
351,اريثريكس 200,6221025021335,66.74
334,اريك,6223002971404,86.43
354,ازروليد 500,6221075010143,42.48
339,ازماتك 20,6223003930660,26.3
964,ازماتك 40مجم,6223003930905,89.28
922,ازماكاست 10,4210145698735,113.88
921,ازماكاست 5,4563868678878,88.8
541,ازموراب 40مجم,6223005461025,96.6
364,اسبروتكت اقراص,6223003975050,25.9
592,اسبرين اقراص,6221050032689,59.83
1531,اسبوسيد 75مجم اقراص,6221043010359,28.38
326,اسبوسيد اطفال,6221043010328,25.55
1151,استارفيل غسول  ابيض 200ملل,6224008073819,96.0
535,استربسل عسل وليمون,5000158103603,112.2
190,استيروماب 10جرام اقراص,6223003207793,96.91
1530,استيل سستايين 200مجم,6221042202014,45.1
304,استيل سستايين 600مجم,6221042216011,56.0
316,استين 20مجم,6223004190964,18.14
317,استين10مجم,6223004190957,18.14
1464,اسيتون 70 مل بيور,6224000788926,21.0
1470,اسيتون الاهرام 40 مل,4993201574821,9075.0
833,اسيكلوفير 800 ستادا,6223002143306,221.2
361,اسيكلوفير كريم,6221035008005,15.8
1539,افوفا سويت فانيليا جوز الهند 100م,6224008041580,22.25
1226,افوفا عجينه بيضا احضر,6224008041566,22.75
1225,افوفا عجينه بيضا احمر,6224008041795,22.75
1224,افوفا عجينه بيضا اصفر,6224008041559,22.75
761,افيروثيازيد 12.5/5./40مجم,6224008179481,95.17
336,افيفافاسك 10/160,6223003579609,69.6
337,افيفافاسك 5/160,6223003574406,90.52
196,افيل حقن,6223003991807,41.84
324,اكتوزنك اقراص,6221088020092,19.8
723,اكتوميثرين 5% 50مللي,6224009656073,35.75
1156,اكتيربدبنفل 100وحده,4265651874875,268.43
537,اكتيفاست فوار,6221088100039,14.28
899,اكرتين %0.025 كريم,4325654545827,30.4
937,اكرتين %0.50 كريم,4626595688655,32.68
1124,اكس اسبراي % عرض,6221155114969,120.0
1125,اكس اسبراي % عرض,6221155114938,120.0
1126,اكس اسبراي % عرض,6221155114945,120.0
57,اكس بخاخ,6221155115089,93.0
323,اكسامايد20مجم,6223003201951,75.26
320,اكسامايد5مجم,6223003204198,46.2
366,اكستروما فورت جيل,6222003701959,29.11
1611,اكستريم كراميل,6224008544166,54.75
968,اكستنشن 150/12.5 مجم بلاس,6223003974268,87.84
960,اكستنشن 300/12.5 مجم بلاس,6223003973841,108.0
546,اكني اكت جيل,6223005462367,28.08
306,اكنيسكيف لعلاج حب الشباب,6221126000420,25.53
318,اكوا بلس شراب,6223003930059,27.0
350,ال- كارنتين,6223002215508,49.7
1367,ال_كارنيتين  امبور ميباكو,6223002216079,57.6
362,البندازول 400 اقراص,6224000651190,36.34
292,البندازول شراب,6224000651152,18.96
325,التراسولف شراب,6221025014597,30.0
363,التراكايين جل,6221050130224,18.6
1517,الترانيل كبسول,6225000288317,91.0
157,الجازون كريم,6223000011973,31.28
315,الدوميت250مجم,6221068904527,76.59
1110,الزميندا 5مجم,6223003570675,32.3
162,الزنتال 200 جرام اقراص,6221032118141,23.1
161,الزنتال شراب,6221032222473,15.32
1185,الفاكالسيدول نقط فم,6223004160035,63.14
328,الفينترن اقراص,6221025030733,57.42
1116,الكابراس تريو 5/ 160/25 مجم اقراص,6221000010811,80.3
160,الكابرايد 50 جرام قرص,6223012330048,59.4
1117,الكابرس بلس 10/160 مجم,6221000000058,76.5
307,الكابرس تريو 160/5,6221000010804,70.81
308,الكابرس5مجم,6221000000041,44.66
327,الليربان ممتد المفعول 2مجم,6223003200671,28.12
158,الليربان1 مجم\ 5مللى شراب,6223003201982,24.9
1650,الليرجيل مضاد للحساسيه شراب,6221060001125,18.27
153,الوكتيا اسبراى للشعر,6224008869207,244.12
155,الوكيتا شابو بالقهوه,6224007424469,155.72
154,الوكيتا شامبو,6224007394854,135.32
166,الوندا 0.5جرام اقراص,6224008365341,93.75
989,الويز  جامبو طويل,8700216403030,66.0
990,الويز جامبو طويل جدا,8700216043823,66.0
991,الويز جامبو طويل جدا,8700216402941,66.0
992,الويز دبل,8700216402934,46.0
993,الويز دبل,8700216043847,45.0
319,اليريد10مجم,6223005920225,66.96
870,اليكا -ام كريم,4555261232168,37.96
1583,اليمبوسيس5مجم اقراص,6224008407096,199.43
1644,اماجلوست 30/4مجم اقراص,6223004519833,78.97
314,اماريل ام اقراص,6223003991869,74.46
313,اماريل1مجم,6223003990046,29.6
311,اماريل2مجم,6223003990077,57.72
310,اماريل3مجم,6223003991968,62.64
312,اماريل4مجم,6223003991852,57.72
441,امبروكسول نقط,6221045001621,12.0
163,امبيزيم اقراص,6223002144921,71.4
1360,امريزول 0.5% محلول وريدي,6221075070215,31.28
365,امريزول 500 اقراص,6221075010044,16.75
156,امريزول شرب 125 جرام \5مللى,6221075200018,23.25
832,امريزول ن 500مجم اقماع,6221075150863,24.9
14,املا كريم,6224000851002,65.0
1276,املاح باديكير افونا,6221094503755,16.5
1163,امواس دوركو,8801038596716,11.0
878,اميجران ادكو اقراص,6221060008964,74.4
1490,اميجراويست2.5مجم اقراص,6224007308325,39.2
839,اميكاسين 500مجم حقن,6221025019219,28.56
159,اميولانت ان شراب,6223002211807,37.5
164,اميولانت بلس اقراص,6223002211692,35.1
239,ان بي بانثينول كريم 50جم,6224001661105,16.5
1220,انافرونيل 25 مجم اقراص,4325107452369,48.45
1190,انتوبرال 20مجم اقراص,4265664534984,59.84
1191,انتوبرال 40مجم اقراص,4326651447545,85.68
205,انتودين 20 جرام اقراص,6221025024176,44.05
594,انتودين 40مجم,6221025003843,68.27
1218,انتودين امبول,6221025051332,62.4
208,انتيفلام يو بي فارما 25 جرام اقراص,6223005980052,11.93
202,انتيفلام يو بي فارما 50 جرام اقراص,6223005980069,32.3
206,انتيكوكس 15 جرام حقن,6223002978076,57.0
148,انتيكوكس15 جرام,6223002978618,77.7
193,انتينال اقراص,6221025022431,38.17
889,انتينال شراب,6221025005298,17.62
515,انجكتمول 100مل محلول وريدي,6224007404058,48.91
1159,انجى كريم تفتيح 100مجم,6223002741250,18.0
846,اندرال 10 جرام اقراص,6223003270148,32.0
198,اندرال 40جرام اقراص,6223003270155,73.41
1370,اندوبينتين 300مجم اقراص,6223004690761,94.5
1636,اندوبينتين 300مجم اقراص,6223004693175,94.5
150,اندوريستات 80 مجم اقراص,6224000396268,56.0
1362,انرتش شراب 100ملل,6223003579630,23.46
151,انريتش 50 م نقط فم,6223003570354,28.0
147,انفكتوكيور 500ِ,6223003932244,117.0
1463,انفينتي صن بلوك جيل,6222019613000,205.0
1354,انكل زولا,4524454646543,16.77
1172,انكونت 4مجم اقراص,6223002971428,92.64
735,انوفا 50مجم,6223002640065,17.55
865,او ار اسى  فوار,6221094010421,32.0
1189,اوبتيبرد قطره للعين,4000545454458,43.2
1187,اوبتيديكس-ت قطره,4596987862895,34.56
431,اوبلكس ان بلس لبوس,6221075052600,25.6
439,اوبلكس شراب,6221075051207,18.9
1111,اوتال قطره للاذن,6221025013743,13.94
433,اوتريفين اطفال,6221045999911,16.56
432,اوتريفين بيبي سالين,6221045999928,23.3
195,اوتريفين للكبار نقط للانف,6221045999935,17.62
440,اوتوكورت نقط,6224001050350,17.94
424,اوجرام 1 جم,6223003970161,104.53
888,اوجرام457 5مللي شراب,6223003975548,49.19
188,اوجمنتين 1جم اقراص,6221045011279,154.18
194,اوجمنتين 625 جرام اقراص,6221045011286,85.9
858,اوجمنتين اي اس600,6221045011309,121.68
437,اورا زد غرغره,6225000029132,17.0
1114,اوراسين غسول للفم,6224007899014,35.97
715,اوراكيور جيل كبير,6221025016812,15.6
435,اوركابريد قطرة,6224000219680,27.0
1167,اوركاديكسولين قطره,6224000219222,20.47
434,اوركازيد قطرة,6224000219840,22.32
423,اورلي كبسول120مجم,6223002453535,177.6
425,اوروفيكس  غرغره قرنفل,6224000437800,62.9
429,اوروفيكس تفاح اخضر,6224000437817,62.9
426,اوروفيكس ديليكت,6224000437893,66.6
427,اوروفيكس غرغره اورنج,6224000437688,62.9
428,اوروفيكس غرغره نعناع,6224000437121,62.9
146,اورينت ان كريم,6225550070271,49.0
152,اوست-مات 60 م  اقراص,6223003204372,27.0
438,اوستيوكير اورجينال كبسول,6224001078033,109.5
149,اوستيوكير شراب,6224001078729,76.0
1386,اوف اسبراي 200 مل,6223001347200,151.0
248,اوفيوسيديك قطره مضاد حيوى للعين,6224000219437,19.6
1201,اوفيونهيبيتا اقراص,6224008302216,43.92
252,اوكاربون اقراص,6221042070033,84.0
430,اوكتاترون كبسول,6224008097112,80.94
1525,اوكساليبتال 300مجم اقراص,6222001400458,142.2
203,اوكسيمت 5جرام نقط للانف كبار,6221094500731,11.01
200,اوكسيمت نقط للاطفال25 جرام,6221094500519,11.01
261,اولفن جيل كبير,6221508200325,33.33
890,اولفنت شراب,6223002570058,24.96
1641,اولوبات قطره للعين,6222006501686,21.67
201,اولوهيستين قطره للعين,6221032331601,16.73
997,اولويز س الوفيرا طويل  جدا,4015400671336,27.0
996,اولويز سنجل ط جدا,4015400648215,27.0
995,اولويز سنجل طويل جدا,8001090993410,27.0
189,اومنيفورا حقن,6223003975210,93.97
1605,اومنيك اوكاس % 0.4 مجم اقراص,8718692511262,228.4
844,اوميجا 3 شراب,4615152151589,95.44
845,اوميجا زاد شراب,4545548454977,88.1
207,اوميز 10 جرام  اقراص,6221094018939,29.36
187,اوميز 20 اقراص,6221094018861,41.11
192,اوميز 40 جرام اقراص,6221094502827,95.44
1115,اوندالينز 4مجم لزقه للفم,6224008097808,117.47
238,اويجا 3بلس مكمل غذائى,6221042164138,216.0
1397,اى بيتش صغار,4632634554844,1.2
1398,اى بيتش كبار,4325495153515,1.25
1174,ايبكوتيل 20 مجم اقماع شرجيه,6221032250254,13.65
963,ايتوبرايد 50مجم,6223002571000,37.8
242,ايراستابكس ترو 20/5/12.5مجم اقراص,6223003205546,83.22
243,ايراستابكس تريو 40/5/12.5 مجم اقراص,6223003206567,108.0
1579,ايراستابكس تريو 40مجم/10مجم/25مجم اقراص,6223003205577,119.88
247,ايراستابكس كو  20/5 مجم اقراص,6223003205607,83.22
246,ايراستابكس كو 40/10 مجم  اقراص,6223003205669,122.1
244,ايراستابكس كو 40/5 مجم,6223003205638,105.12
1494,ايراكتابكس بلس 20/12.5مجم اقراص,6223003202781,57.72
928,ايروسبكت شراب,4527896314533,43.45
927,ايروسبكت كبسول,4578956489302,110.6
929,ايروكسول مرهم,8002660038326,77.39
265,ايرونيل 1.5 مجم شراب,6221042250015,23.2
204,ايرونيل 2.5 جرام اقراص,6221042005028,16.15
1614,ايزابريل 10 مجم اقراص,6223003208639,30.73
1186,ايزاكارد 75مجم,6223003201364,37.44
191,ايزوتريتونين 20 جرام اقراص,6224009052516,273.11
199,ايزوجاست 40 جرام اقراص,6224008933007,117.47
197,ايزوروميديرم جل موضغي 30 جرام,6222012400393,52.12
1132,ايزي سويت الورد,6224000076931,11.0
1131,ايزي سويت زيت زيتون,6224000076948,11.0
1455,ايزيس بقدونس وكرفس 20 كيس,6223000474778,23.8
1540,ايفا بودرة قدم زرقاء,6223001384076,31.0
1107,ايفا بى وايت للتفتيح40مل,6223001387916,21.0
1472,ايفا بيبي شاور 200 مل,6223004377549,84.0
1471,ايفا بيبي لوشن 200 مل,6223004377570,110.0
67,ايفا كريم بنفسجي,6223001380108,10.0
1476,ايفا لوشن ريسبي خوخ 370 مل,6223001389262,133.0
1435,ايفاستين اقراص,6223003570125,36.72
1436,ايفاستين شراب,6223003570248,19.32
1197,ايفرزين 60مل,6224000730581,41.6
1146,ايفونا جل كعب الغزال 250ملل,6224010198128,13.75
891,ايفي كان شراب,6225000460713,40.38
249,ايفيبرونت شراب,6224009387069,28.8
250,ايفيروسبان شراب,6223003571801,36.3
1632,ايكاندرا 50 اقراص,6222001401691,86.5
1492,ايمباكوزا بلس اقراص 10/5 مجم,6225000354166,264.18
1592,ايموكس 500 مجم اقراص,6221032131492,30.75
251,ايموكسكلاف 1جم اقراص مضاد حيوى,6221032119797,71.04
1553,ايموكسكلاف 228.5 شراب,6221032152800,35.13
877,ايموكسكلاف 625 مجم اقراص,6221032111463,66.4
892,ايموكسكلاف 642 شراب,6221032157706,53.59
885,ايموكسكلاف شراب 457مجم,6221032152701,52.26
1368,ايميرست 4مجم/2ملل محلول للحقن,6223004900297,96.9
1188,ايه اي جي  ايزوميبرازول 40مجم اقراص,4245895465131,207.3
38,بابيا مناديل,6223007653602,26.6
558,باراسيتامول 500مجم اقراص (المهن),6221508014212,9.49
560,بارامول 1000مجم,6221035009606,37.96
557,بارامول شراب,6221035003109,24.48
880,باكلوفين اقراص,6224009706075,24.0
881,باكلوفين اقراص,6221032220707,38.4
1499,باكلوفين اقراص 10مجم,6221035009514,23.94
1236,بالمرز كريم للشعر اصفر  50 م,010181066221,56.1
419,بامبديل شراب,6224007308240,24.23
508,بانادول ادفانس,6222010611333,69.0
1446,بانادول اكسترا احمر اقراص,6222010611326,86.4
598,بانادول كولد ان فلو اقراص,6222010610800,48.64
509,بانادول مايجرين,6221215000164,38.25
390,بانتازول 40مجم,6224009704231,72.8
559,بانتوبي 20مجم اقراص,6223004600265,63.92
548,بانتوبي 40مجم,6223004600272,65.28
746,بانتوجار كبسول,6223003573843,188.02
392,بانتولوك 40مجم,6221508017114,67.32
403,بانتولوك20مجم,6221508017015,34.16
695,بانثينول 15جم كريم,6221077074815,20.43
697,بانثينول 20جم كريم,6221077071517,27.73
696,بانثينول 30جم كريم نوفكس,769503325866,24.08
412,بانثينول سبيكترا كريم شعر,6224009555116,38.08
15,باندولين كريم عادي,6624000181077,70.0
553,باوريكتا 20مجم اقراص,6223004517914,28.24
370,باي كيتوجيست150مجم,6221094502926,51.3
368,باي-الكوفان150مجم,6222010611234,55.89
391,باي-بروفينيد 150مجم,6223003990350,36.18
549,ببتك كير 500مجم/500مجم/20مجم اقراص,6224001514296,165.6
407,بترو اقراص,6224000875145,52.44
1315,بدي اسبلاش ايفا ازرق,6223001380955,167.8
1314,بدي اسبلاش ايفا بني,6223001380894,167.8
1313,بدي اسبلاش ايفا بينك,6223001380924,167.8
1562,بديالايت محلول جفاف,5099864013245,52.01
25,بديل زيت الو ايفا,6223004371608,75.0
551,برادوزين0.5مجم اقراص استحلاب,6222012400331,22.4
367,برافوتين 14 كيس,6225000177833,133.2
1284,برفان نيفرداي كبير,6225000400030,50.0
1410,برفكتوديل % 5محلول  موضعي,6223003930325,64.02
396,بركسين اقراص,6221077015115,19.38
393,برناسورس 15جرام,6223002144082,77.0
1361,برو ايفو 120ملل,6774444300036,45.24
564,بروباميثون كريم 20جم,6223003930776,20.4
369,بروتوفكس20مجم,6223003974206,55.8
382,بروتوفكس40مجم,6223003974213,77.72
552,بروتولوك 20مجم اقراص,6224007738023,44.88
555,بروتولوك 40مجم اقراص,6224007738269,55.76
395,بروجيست 100مجم,6223000013571,88.0
379,بروجيست 200مجم,6221151004202,196.8
371,بروفين 200مجم,8002660038234,35.4
262,بروفين شراب,8002660039354,34.76
372,بروفين400مجم,8002660038265,53.82
374,بروفين600مجم,8002660037688,66.33
373,بروكاسوفت1مجم,6223003572013,83.78
398,بروكاسوفت2مجم,6223003575359,83.87
408,بروكسيمول اقراص 0.4,6221068010136,20.4
415,بروكسيمول فوار,6221068201893,32.76
1521,برونتو جيست 100 مجم حقن,6223003570439,182.4
376,برونتوجيست 200مجم,6223003570460,140.16
377,برونتوجيست 400مجم,6223003579890,271.56
417,برونشيكم شراب,6223003990374,46.23
405,برونكو برو نقط 30مجم,6221088030275,14.43
389,برونكوبرو ريتارد كبسول,6221088020887,10.64
418,برونكوبرو شراب,6221088030374,22.05
387,بريدوكايين 30جرام,6223002144891,38.5
852,بريزولين قطره للعين,6221068503133,16.1
561,بريستافلام 100مجم اقراص,6224001007071,73.44
1627,بريستو اقراص,6223006930018,123.3
563,بريمبران 10مجم اقراص,6223003991128,7.88
1651,بريمونيدين قطره للعين,4315185485467,62.56
554,بريميران امبول,6223003991067,45.0
514,بسكوبان عادي اقراص 10مجم,6223003992262,26.25
528,بكتيكلور 125مجم,6224009052141,56.21
263,بكتيكلور250جم,6224009052158,107.44
1508,بلادوجرا 25 مجم اقراص,6223003206956,149.7
113,بلاستر 5سم,6224000132316,32.5
543,بلاستيجيك 20مجم,6224008407997,34.96
375,بلافيكارد75مجم,6224007326596,79.56
394,بلافيكس 75مجم,3664798036558,236.36
1037,بلسم اسكاي لتر,6224000566074,60.0
1038,بلسم اسكاي لتر,6224000566012,60.0
1066,بلسم بلو لاين لتر للشعر التالف,6224010162211,58.5
1067,بلسم بلو لين بالافوكادو لتر,6224010162198,58.5
416,بلسم شراب كبار,6221051040072,60.0
1058,بلسم منعم للشعر بزبده الشيا 500 م,6224009609055,42.62
12,بلسم مينك,6222014510427,53.0
562,بلميكورت 0.25 فيال,5000456010870,473.76
942,بلميكورت 0.5 مجم,4565985629568,631.68
1270,بلوب واكس ابيض 170ملل,6223003501259,32.75
1271,بلوب واكس اصفر 170ملل,6223003500030,32.75
556,بلوكاتنس 5/160مجم,6223012330017,102.0
550,بلوكاتنس 5/80مجم,6223012330031,82.96
383,بلوكيوم ديو اتينولول100مجم,6221508012812,18.75
11,بلولاين شامبو ثوم,6224000412142,55.0
1009,بلولين شاور 1000مل,6224000412081,59.5
401,بليتال 100مجم,6222014003523,105.12
399,بليتال50مجم,6222014003516,70.84
1437,بليجيكا قطره للعين,6224007321201,21.6
422,بنتافلو شراب,6224007738030,25.84
421,بنتاكولد شراب,6224007738047,25.6
413,بنتامكس شراب,6225000005464,33.81
1514,بنداكس 200مجم اقراص,6221051010044,17.48
414,بنداكس شراب,6221051110195,56.16
1467,بندولين شاور جيل 300 مل سويت عادي,6223011112980,120.0
1468,بندولين شاور جيل 300 مل فريش ليمون,6223011112997,120.0
1275,بندولين كريم بزبدة الشيا,6624000181053,100.5
1473,بندولين لوشن 200 مل,6223011110481,117.0
1033,بوبانا قناع الذهب,6222019601939,49.5
1032,بوبانا قناع الفحم,6222019601946,49.5
1216,بودره ايفا قدم,6223001384137,32.0
1214,بودره تنظيف الاسنان بالمسواك,6223004370274,34.65
1215,بودره تننظيف الاسنان بالقرنفل,6223001380542,34.65
1415,بودره سلفا للجروح,4225873019975,6.6
525,بوديكسان0.5مل,6224001616020,318.4
512,بورجازون كريم 20جم,6223002570133,25.2
404,بوسبار10جم اقراص,6224001007088,37.63
400,بولي فريش قطره,6224000219369,49.14
402,بوليدرم كريم,6221075220108,14.7
1622,بون كير 1مجم اقراص,6224007326107,93.85
513,بون كير0.5ك,6224007326091,94.17
610,بي كوم امبول,6221025024015,38.4
721,بي كي-ميرز 100مجم-اقراص,6223003571436,52.65
411,بي-فريش مضمضه احمر,6221094501264,18.36
409,بي-فريش مضمضه اخضر,6221094501271,18.63
410,بي-فريش مضمضه ازرق,6221094501288,18.36
511,بيبتون شراب خالي,6223004160059,27.3
510,بيبتون شراب عادي,6223004160042,27.3
397,بيبرا اقراص,6223002146703,100.42
1364,بيبزول 20مجم,6221000001000,32.43
378,بيبزول 40مجم,6221000001017,57.51
1406,بيبون بلس اقراص,6223002211685,72.0
99,بيبي جوي 1,6223004795763,245.0
981,بيبي جوي 1,6223004791437,250.0
104,بيبي جوي 2,6223004791444,245.0
102,بيبي جوي 3,6223004791451,295.0
980,بيبي جوي 4,6223004791468,295.0
103,بيبي جوي 5,6223004791475,335.0
1443,بيبيلاك 1,3041091764997,279.0
1442,بيبيلاك 2,3041091765017,275.9
287,بيتادريم كريم,6221032241108,13.32
1202,بيتاديرم كريم 1مجم صغير,6221032241115,12.78
895,بيتادين  دش,6221077080816,64.0
547,بيتادين 120 نيل مطهر,6221077110919,64.0
266,بيتادين شامبو صغير,6221077085217,44.0
539,بيتادين شامبو كبير,6221077083916,72.0
388,بيتاسيرك 16مجم,8002660030108,164.25
384,بيتاسيرك 8مجم,8002660030078,121.6
380,بيتاسيرك24مجم 40 قرص,8002660026705,165.68
531,بيتافوس امبول,6221025019158,24.8
544,بيتاليرج اقراص,6224007738108,33.6
542,بيتولفكس امبول,6222003702659,45.44
540,بيدرو بخاخ منعش للفم,6224009442010,47.57
536,بيدرو سيرم,6224009442027,108.8
939,بيدرو شامبو لتساقط الشعر,4595656894988,85.0
420,بيديكال شراب,6224001026859,41.08
1522,بيديكال شراب,6224001026850,52.0
1204,بيرجاتون20مجم,6221050030272,36.0
545,بيرلوك 40مجم اقراص,6221076014232,54.75
381,بيزوكارد2.5مجم,6223002143061,38.76
385,بيزوكارد5مجم,6223002146062,44.73
386,بيزوكاردبلس5 مجم,6223002146079,44.73
260,بيسلفون شراب,6223003992194,28.0
829,بيفاتراسين بخاخ 150مللي,6224000588007,58.93
145,بيكتول استحلاب  برتقال,8411500101425,380.0
938,بيكوزيم محلول حقن,4659596955698,93.6
837,بيكولاكس نقط,6221032230157,19.2
534,بيلاستيجيك 2.5مجم شراب,6224008407560,41.04
538,بيليكول كبسول,6223000011331,23.04
1615,بينسيلونج حقن,6224000588878,14.22
1631,تارجو فلوكسين 750مجم,6223002143269,141.0
699,تاروليمس مرهم,6224000396701,94.16
668,تافاستين 500مجم اقراص,6221000001178,65.69
680,تافاسين750مجم اقراص,6221000001185,70.07
673,تافانيك 500مجم اقراص,6223003991340,140.15
1495,تامسولين اقراص,6223003570514,89.28
222,تانتم اخضر,6221032222275,19.22
940,تايمر قطره,4698858656889,52.14
223,تجريتول 200 عادى,6223002641710,71.2
224,تجريتول ممتد المفعول 200,6223002640416,48.8
678,تراى ليرج قطره لحساسيه العين,6224000219284,17.51
688,تراي تكت 2اطفال صابون,6224000437299,43.79
1647,تراي- بيتابرونات كريم,6222012400683,27.87
226,ترايتون 100 مجم,6223002143221,49.68
863,ترايتون 200 جرام اقراص,6223002143238,94.71
1518,ترايستارشو شراب,6224000879150,175.2
685,ترايكتين اقراص 4مجم,6221068004586,33.57
674,ترايكتين شراب,6221068404591,30.65
860,تربتيزول 25 جرام اقراص,6221068904619,23.1
229,ترنتال 400 ممتد المفعول,6223003991425,60.2
1176,تروسبامكسين 20 مجم اقراص,6223002454570,58.8
1561,تروفيك سيليكون جيل,4106632178541,117.0
1451,ترويا كير شامبوو 200 مل,4321776549871,144.3
1452,ترويا كير لوسيون 120 مل,4432098123487,148.2
669,تريامريكان 1جم حقنه عضل,6225000356924,40.87
684,تريبتزول 10مجم,6221068934609,21.89
676,تريتاس 1.25 مجم اقراص,6223003991517,32.11
675,تريتاس 2.5 مجم اقراص,6223003991548,39.41
677,تريتاس 5 مجم اقراص,6223003991579,55.47
691,تريتوسبوت 15جم كريم,6223002450770,27.73
1475,تريزمي بلسم 400 مل للشعر الكيرلي,6281006535060,150.0
288,تريفلوكان اقراص 150 مجم,6221032131539,19.88
1601,تكساكورت %0.1 كريم,6223003579821,16.06
666,تكنوفيولا 50مجم اقراص,6224008302155,51.09
693,تلفاست 180مجم اقراص,6223003991388,105.11
682,تلفاست شراب,6223003991715,36.49
230,تلفاست لحساسيه الانف,6223003991364,68.31
1184,تنيفلو كساسين مضاد بكتيرى,6224000908232,98.8
941,توبراداكس مرهم,4265359796478,27.62
911,توبرادكس  قطره,4885865654854,37.95
919,توبرو اكياس,4023658107459,94.89
665,توبرين قطره معقم للعين,6221032331250,16.78
1591,توبرين مرهم للعين,6221032340108,17.68
687,توبي جينت ديليكت غسول وجه,6224007384046,167.89
884,توسكان شراب,6221000001277,19.2
672,توسيستوب شراب للسعال,6223004048005,35.76
219,توسيفان,6221035003178,22.44
1489,تيراتيام 1000مجم اقراص,6223004691423,209.83
933,تيراميسين مرهم,4558974565484,26.0
692,تيربن كريم,6223002148387,12.04
220,تيرز جارد,6223005440082,22.8
681,تيكانيز بلس بخاخ,6221076160878,67.15
698,تيكانيز عادي بخاخ,6221076160175,51.09
679,تيليو ايزيس صغير,6223000470077,12.77
286,تيمولول %5,6221032331267,15.2
686,ثيروكسين 50م 100قرص,6223005981400,33.57
1629,ثيوتاسيد مركب 600 اقراص,6223007356718,191.9
1170,جابابنتين 600 مجم اقراص,6224008676447,70.58
491,جابتين 100مجم,6221163004139,53.46
664,جابتين 300 مجم اقراص,6221163004221,91.97
667,جابتين 400مجم اقراص,6221163007994,113.87
227,جابيماش 300مجم,6222001402087,67.26
609,جاراميسين كريم,6221050130057,15.84
730,جاراميسين كريم,6221050120027,14.3
1210,جارنييه غسول للوجه بالفيتامين سي و الليمون 100 م,3061376204239,60.75
1211,جارنييه غسول للوجه بالليمون,3061376204222,38.5
1638,جاروبرايد 50 مجم اقراص,6223002452576,47.25
216,جاست-ريج 100جم,6221025023834,49.68
217,جاست-ريج 200جم,6221025023841,57.46
283,جاسترازول 20جم,6221076020172,33.07
1181,جاستروتيدين امبول,6222006502386,43.0
225,جاسترولوك 40 مجم,6221051000205,51.35
724,جاستروموتيل 5مجم/5مللي شراب,6221032222657,15.6
690,جاستروموتيل اقراص,6221032251107,18.97
857,جافيسكون لحرقة المعده,5000158071896,230.4
1109,جالفز ميت 50/850,4216542348135,253.38
215,جاناتون,8002660037633,61.2
694,جانتوليف 50مجم اقراص,6223002142552,43.79
245,جاوتيفيد 40 مجم اقراص,6223002144709,64.8
221,جاوتيفيد/80جم,6223002141999,87.33
994,جدا اولويز الترا,4015400205258,63.0
597,جروث فورميلا اطفال,6223002630851,197.1
1282,جل فاتيكا انبوبه,6224000851637,23.25
1234,جل مان لوك 250م,6223001380412,36.85
1235,جل مان لوك كيرلي 250 م,6223001380771,36.85
1266,جل هير كود انبوبه عرض 25ملل,6223002235506,24.75
1399,جلسرين طبى 60مل,4385421653215,15.0
289,جلوكوفاج 1000اقراص,6222003701324,43.2
689,جلوكوفانس 5/500مجم اقراص,6222003701836,54.01
1596,جليبتس بلس 50/1000 مجم اقراص,6224009763115,147.6
228,جليسرين لعلاج الامساك,6223000011638,8.76
849,جليسرين للاطفال 735.9,6221045001713,13.68
210,جليمت فورت,6223003579944,64.86
1441,جنكو بلس اقراص,6223002211746,33.75
961,جنكوبيلوبا كبسول,6224000912017,148.8
88,جهاز ريد مع عبوه,6223001348122,120.0
1346,جهاز محلول ماسكو,6224007240113,7.0
670,جوافه شراب للسعال,6221094504319,40.14
1332,جوانتى لاتكس,4234832639868,170.0
1459,جوانتي عمال ثقيل,9556073200225,30.0
66,جونسن مرطب,6223000656679,50.0
1597,جوي اكسترا اقراص,4662013874521,103.8
1194,جوينتا اقراص,6224010704114,238.0
213,جوينتونكس,6224009369416,219.0
671,جى سى مول فورا  للبرد,6221075180334,18.24
1488,جيباريلون اقراص,6223004191725,20.03
214,جيسترانيل,6224000588694,39.96
1628,جيفلوج  25 مجم اقراص,6224008874324,141.0
1316,جيل صبار,6224011135108,15.75
1317,جيل صبار اخضر,6224011135115,15.75
1299,جيل صبار ايفونا 250 م,4652301784521,18.0
1626,جينو دكتارين كريم,6222003700587,45.48
663,جينوترا 600مجم لبوس,6223003571139,24.08
762,جينوزول 200مجم,6223000010792,24.76
209,جينوكونازول,6223003201579,24.31
1195,جينوكونازول 80مجم لبوس,6223003202422,42.4
930,جينيرا اقراص,4057598019644,109.12
1389,حامل زراع كبار زولا عادى,4656298565482,23.0
1477,حلمه بوبي ف علبه,795697150458,9.25
1426,حمام كريم كليوباترا 700 مل,6224009609017,50.0
1254,حمام كريم منك  نصف كيلو اسود,6223003445027,41.55
1250,حمام كريم منك 1000 م  بني,6222014500572,72.25
1255,حمام كريم منك 400 جوز هند,6223003445065,41.55
1251,حمام كريم منك اخضر 1000 م,6222014500404,72.25
1253,حمام كريم منك نصف كيلو,6223003445034,41.55
1213,حنه جلوري اسود,8904033601840,32.45
44,حنه جلوري بني,8904033601871,31.0
1212,حنه جلوري بني,8904033601864,32.45
71,حنه جلوري كستاني,8904033601857,31.0
1312,حنه جوليشا انبوبه صغيره اظافر,750343878872,17.45
1311,حنه جوليشا انبوبه كبيره رسم,750343880134,28.9
1304,خافض لسان خشب,6040391211759,29.15
1229,خله اسنان,6972554330015,4.9
1401,خله اسنان وسط,6936805452284,10.0
274,خميره ميباكو-ميدى فود,6223002212545,24.0
1584,دابابليكس 10مجم اقراص,6223004160332,141.36
1076,دابر املا الذهبى 45مل,6291069001099,23.0
1077,دابر املا بالياسمين 90مل,6224000851057,42.0
1051,دابر زيت شعر املا 270 ملل,6291069653038,82.0
1493,دافاليندى 200.000وحده حقن,6221508173322,47.04
869,دافاليندي 10000 وحده اقراص,6221508516211,62.4
1570,دافاليندي 5000 ود اقراص,6221508516112,40.81
301,دافلون1000مجم,6223003960896,208.05
300,دافلون500مجم,6223003960070,140.6
931,دالاسين سي كبسول,848389061219,88.92
932,دالاسين كريم مهبلي,4562655856549,46.8
652,دانتريلاكس  كبسولة 25مجم,6222006502218,105.64
651,دانتريلاكس  مركب,6222006502201,109.95
655,دانست4مجم امبول,6223002978298,59.29
659,دانست8مجم امبولات,6223002978304,102.41
830,داونستيرولين 20/10,6224009687053,90.28
828,داونستيرولين 40/10مم,6224009687060,110.4
646,داونوبرازول 20مجم كبسول,6224009687015,53.18
633,داونوبرازول 40مجم كبسول,6224009687039,68.27
294,دايجست ايزي اقراص,6224007308028,67.68
298,دايجيستوزيم دايجينورم,6221094502735,41.54
303,دايجينورم شراب,6221094011220,29.25
295,دايسينون 500مجم,6222003701294,81.2
281,دايسينون مضاد للنزيف 250مجم امبول,6222003700082,32.76
1600,دايموند ايميفوليك اقراص,6224011518116,94.17
711,درامينكس 50مجم اقراص,6221068000878,20.12
729,درموفيت كريم موضعي 25جم,6221045000143,28.6
1178,دكتارين كريم,6222003700631,20.58
1217,دكتاكورت 15 مجم,6222003700600,20.0
1509,دلبانتو 40 مجم اقراص,6221163015937,52.92
953,دلتارينو بخاخ للانف,6223002145546,22.8
637,دلتافيت ب12 اقراص,6221163002241,53.9
645,دلتاكلاف 457مجم شراب,6221163013179,63.96
639,دلتاكلاف 642.9مجم شراب,6221163015289,77.61
617,دنتينوكس نقط اطفال,5011784004530,85.49
1606,دوجماتيل 50 مجم اقراص,6223003990541,49.14
713,دوجماتيل فورت 200مجم,6223003990558,28.74
1411,دوجوفيرتين اقراص,4136544210578,202.8
1330,دوركو شفرات حريمى,8801038603254,66.75
299,دورميفال كبسول,6223002211005,21.9
949,دوروفين كبسول,6224007706008,116.28
1408,دوزين 1مجم اقراص,6221032115287,17.16
26,دوف مزيل عرق,4800888196392,80.0
700,دوفاستون 10مجم اقراص,8002660038333,277.4
1551,دوفلاك شراب,8002660019967,52.66
296,دوكسيرازول 30مجم,6221000000416,48.75
701,دوكسيكوست200مجم اقراص,6224007738115,30.9
703,دولسيل 2مجم اقراص,6221508018128,34.49
710,دولسيل3مجم اقراص,6221508018227,38.8
302,دولسيل4مجم,6221508511223,33.15
635,دولفن 12.5 لبوس,6221163014756,25.87
638,دولفين 25مجم لبوس,6221163014763,27.3
649,دولفين50مجم لبوس,6221163014770,34.49
1200,دولو-دي شراب,6223002570126,29.6
632,دولوكسبرين 30مجم اقراص,6223012330123,129.36
831,دوليبران 1000مجم,6223003992248,32.16
240,دوليبران1000مجم,6223003992385,40.2
640,دومبيريدون اقراص,6221042022025,18.68
657,دياسميكت اكياس,6221094010155,15.09
650,دياسيرين50مجم اقراص,6223002453634,112.11
233,ديافانس500/5مجم,6221051011362,24.15
821,ديافلوزيمت 500مجم اقراص,6224009967018,137.16
712,دياكس كبسولات,6221000000393,15.09
1273,دياموند لشعر طويل وقوي 200ملل,6224011135184,42.35
1272,دياموند لشعر كثيف وصحي 200ملل,6224011135177,42.35
1274,دياموند لشعر لعلاج التساقط وترطيب 200ملل,6224011135160,42.0
232,دياميكرون 30ام ار,6223003960094,42.6
231,دياميكرون 60ام ار,6223003960704,78.84
1192,ديباكين 500مم كرونو اقراص,3664798021899,103.48
1402,ديبرودنت معجون اسنان 13مل,6223002539031,33.0
709,ديبروساليك مرهم,6221050120034,20.12
269,ديبو -بن فيال امبول,6221508162111,27.75
876,ديبوفورت ب12 حقن,6221151015338,42.9
241,ديبوفيت امبول,6221075031742,56.95
959,ديبوكايين 2% مخدر,6224000873004,28.38
1462,ديتول سائل 50 مل,6295120011355,29.5
1023,ديتول صابون الاصلى,6223005873729,37.5
1024,ديتول صابون الاصلى وسط,6223005872104,21.0
1022,ديتول صابون كوول,6223005873767,37.5
218,ديجستين,6223000013892,30.66
236,ديرماتين كريم,6223000011577,10.5
1375,ديرموفيت مرهم,6221045000150,35.0
524,ديسا اقراص 5مجم,6221163002500,46.9
297,ديسا شراب,6221163002456,21.39
707,ديسبركام جيل صغير,6221508200622,8.98
1434,ديسبريلون -د 20 مجم اقراص,6224000396329,83.52
935,ديفلوكان150مجم كبسول,4526559652895,79.77
257,ديفيتون دي قطره,6224011605021,32.0
643,ديفيدو 75ملجم كبسول,6224011410007,101.33
1448,ديكساترول قطره للعين,6221032233103,18.9
612,ديكسازون 0.5مجم اقراص,6221068020302,35.7
234,ديكساميثازون,6221075031735,21.24
658,ديكساميثازون حقن,6221508171922,46.71
900,ديكلاك  اي دي 150 جرام اقراص,4965823178542,87.12
901,ديكلاك اي دي 75جرام اقراص,4102385274369,90.45
934,ديكلاك3مل /75مجم امبول,4855255652894,44.0
605,ديكلوفين امبولات 75مجم,6221151003427,24.84
648,ديكلوفين جيل,6221151002642,20.84
607,ديكلوفين فاست اكياس,6221151454168,25.84
653,ديكونجستيل -ان لبوس,6221077090310,40.24
636,ديلاترول 25مجم,6222006502324,53.9
641,ديلاركس شراب,6223002143474,9.07
946,ديلزوسين 600مجم  اقراص,6221163015838,74.74
603,ديمرا اقراص,6221088010871,49.7
627,ديوريسف 1جم اقراص,6224007686119,56.05
601,ديوريسف 500مجم شراب,6224001007194,56.94
602,ديوريسف 500مجم كبسول,6224007686140,110.88
604,ديوزمين بلس اقراص,6223003571870,83.25
660,راميتاكس 1جم,6223003970406,31.62
611,رانسيف 500مجم اقراص,6224009052035,49.68
630,راني -ف فوار اكياس,6221151015888,30.18
1567,رايت بون 15 مل نقط,6224010525955,93.96
1349,رباط ضاغط  6 سم,4522855215215,7.31
1352,رباط ضاغط 10 سم,4821514187253,11.55
1388,رباط ضاغط 12 زولا,4564518649589,14.5
1351,رباط ضاغط 15 سم,4288454933134,17.35
1350,رباط ضاغط 8 سم,4557852152223,9.5
1563,رجيماكس 120 مجم اقراص,6224007738016,167.04
1355,رست اسبورت زولا,4234578765456,11.5
1357,رست بريس زولا,4465485648948,26.0
1356,رست شراب زولا,4521655438758,20.0
1353,ركبه زولا,4258564984559,30.0
616,رواتينكس كبسولات,6221025049032,49.68
622,رواكول اقراص,6221025049049,46.8
271,روتاسي 60 اقراص,6221068000311,14.82
621,روتاهلكس ثايم استحلاب,6224001820380,103.6
625,روتاهيلكس ادفانس نقط,6224000870904,54.75
615,روتاهيلكس شراب120مل,6224000870317,36.85
1031,روزان الماسك الذهبي,6223002744985,30.5
626,روزوفاست 20مجم,6222006501877,87.32
706,ريباريل جيل,6221043040097,41.68
634,ريفارست بلس مهبلي,6224000437503,61.08
1203,ريفاروسبير اقراص,6224000866211,182.8
618,ريفاروسبير20مجم,6224000866501,269.36
874,ريفو اقراص,6221060001101,105.75
1465,ريكسونا اسبراي حريمي 150 مل,6221155208262,128.0
1466,ريكسونا اسبراي حريمي ضدد التعرق,6221155209566,128.0
43,ريكسونا بخاخ,6221155134639,92.5
45,ريكسونا بخاخ,6221155134493,92.5
1003,ريكسونا بلية اخضر ص,6221155130440,28.0
20,ريكسونا بليه صغير,6221155133083,25.0
19,ريكسونا بليه كبير,6221155149206,60.0
1298,ريكسونا رجالي 25 م,6221155130488,27.5
1296,ريكسونا رجالي 50 م,6221155149305,65.0
1297,ريكسونا رجالي 50 م ضدد التعرق,6221155149299,65.0
656,ريكوكسيبرايت60مجم اقراص,6225000331822,135.11
714,ريكوكسيبرايت90مجم اقراص,6225000331815,213.41
1621,ريلاكسون اقراص,4785210369012,49.5
705,رينكس للاطفال10مللي,6221043011967,12.93
704,رينكس نقط كبار,6221043011943,12.93
614,رينو كالم شراب,6224009003167,25.2
267,رينوبرو شراب,6221088030350,27.72
290,رينوبرو كبسول,6221088021266,63.0
613,رينومول شراب,6221077051816,21.39
1565,زارو جل جيل موضعي,6224007308172,13.22
1648,زالاتان قطره,4178523654201,176.53
237,زانوجليد30/4,6223002456222,72.24
958,زنك اوريجين شراب,6224000665067,24.18
1599,زنك اوليف كريم ايه ثري ايه,4887542039416,34.6
1504,زنك اوليف كريم كولدج,796554987613,40.7
716,زنك-اوليف كريم,6221508121415,44.85
1602,زنكترون اقراص,6224008097136,91.98
739,زنكوديرم كريم,6224001202292,54.16
740,زنكوديرم لوسيون,6224000201593,50.29
822,زوركال 20مجم,6223005462022,42.12
823,زوركال 40مجم,6223005464422,63.36
749,زورين 1جم فيال,6221508162210,37.14
936,زوفران حقن 4 مجم,4595589595885,214.5
268,زوفيراكس شراب,6221045008545,73.92
879,زوفيراكس كريم %5,6221045000723,21.6
1082,زيت الو ايفا بالصبار 170مل,6223001383680,55.55
1081,زيت الو ايفا بالصبار 255مل,6223001383871,69.85
1083,زيت الو ايفا بالصبار 85مل,6223001383758,35.0
1072,زيت املا 90مل,6291069653014,41.0
1419,زيت برافين,4225871403648,15.0
1071,زيت بردهان بالاملا 200م,833741000073,110.0
63,زيت جونسن كبير,6223000650554,95.0
64,زيت جونسن كبيرليلي,6223000654736,95.0
62,زيت جونسون صغير,6223000650530,50.0
1079,زيت حرير ارجان 100مل,6225000183056,33.5
985,زيت حرير بالثوم كبير,6225000183032,65.0
986,زيت حرير صغير,6225000183025,38.0
1418,زيت خروع الاهرام,798798484132,18.75
1073,زيت دابر املا 180مل,6291069653021,62.0
1075,زيت دابر املا اطفال صغير,6224007940259,41.55
1074,زيت دابر املا اطفال كبير,6224007940792,69.0
1070,زيت دابر املا الذهبى 180م,6291069007107,69.0
1069,زيت دابر املا الذهبى270م,6291069007206,92.0
1087,زيت صانسيلك جوز هند 250مل,6221155059192,78.0
1080,زيت فاتيكا الحبه السوداء180م,6223012450951,30.0
1088,زيت فاتيكا بالارجان 180مل,6224000851989,30.0
1096,زيت فاتيكا بالارجان 45مل,6224000851958,8.08
1085,زيت فاتيكا بالجرجير 180 مل,6224007939161,30.0
1092,زيت فاتيكا بالجرجير 90مل,6224007939154,17.7
1094,زيت فاتيكا بالجرجير45مل,6224007939147,8.08
1098,زيت فاتيكا بالحبه السوداء 90مل,6223012450944,17.7
1086,زيت فاتيكا بالزيتون 180 مل,6291069651010,30.0
1090,زيت فاتيكا بالزيتون 45مل,6291069650006,8.0
1093,زيت فاتيكا بالزيتون 90مل,6291069651003,17.7
1084,زيت فاتيكا بالصبار 180مل,6291069651034,30.0
1095,زيت فاتيكا بالصبار 45مل,6224007940488,8.08
1091,زيت فاتيكا بالصبار 90مل,6291069651027,17.0
1099,زيت فاتيكا باللوز90مل,6291069651102,17.7
1097,زيت فاتيكا جوز هند 180مل,6224000851101,30.0
1089,زيت فاتيكا جوز هند 90مل,6224000851095,17.7
1102,زيت فيانسيه,6223002230990,29.15
1538,زيت فيانسيه 180مل بالخلطه المغربيه,6223002231805,31.0
1078,زيت كازانوفا جرير210مل,6281056585008,150.0
897,زيثرو ماكس 500مجم اقراص,4621387426178,123.8
752,زيثرودوز 500 جرام كبسول,6224008179375,61.12
820,زيثروكان 200مجم شراب,6221000001413,42.12
827,زيثروكان 500مجم,6221000001390,47.74
1635,زيثروماكس 1200مل,4556649894565,108.36
1634,زيثروماكس 600مل,4246945354869,74.76
1633,زيثروماكس 900مل,4525855875487,84.0
824,زيثرون 200مجم شراب,6221025016409,66.75
764,زيثرون 200مجم/5ملليلتر,6221025011237,48.74
1150,زيدورا كريم صنفرة بالفحم,6224212566817,28.75
1607,زيرتك اقراص,6221045001829,78.0
629,زيرتك شراب للاطفال,6221045008606,36.65
628,زيرتك نقط,6221045008590,30.9
826,زيسروسين 100مجم شراب,6224001026508,34.2
825,زيسروسين 500مجم كبسول,6224001026348,51.83
1496,زيفو رابد 8مجم اقراص,6221000001383,65.86
741,زيكلاف 1جم اقراص,6224001835124,116.83
606,زيلون شراب,6221076050087,25.84
882,زيلون فورت شراب,6221076050094,48.99
1580,زيناميونا اقراص,4245348954957,58.5
24,سائل بار بار,6970882170303,27.0
87,سائل ريد,6223001343769,80.0
743,ساج ريلاكس جل,2586545562671,50.29
742,ساج ريلاكس كريم,2566854596529,54.16
763,سالبوفنت شراب,6223000171158,18.57
1526,سالبين 1.5 جم فيال,6221151002444,36.72
1527,سالبين 750مجم حقن,6221151002451,25.5
1618,سالميتو كورت 250/50 مجم للاستنشاق,6223004515408,168.5
1510,ساليتروكسيب 90 مجم اقراص,792649159224,96.6
811,سالينكس نقط انف,6221077063710,12.16
642,سايمثيكون نقط 100مجم,6221508210218,19.4
647,سايميدل شراب,6221126000529,35.93
631,ساين اب شراب,6221151001485,20.93
812,سبازاوي اقراص,6224007884027,20.3
809,سبازموديجستين اقراص,6221151002802,49.92
702,سبازموفري امبول 5مجم/2مللي,6223002971213,38.8
623,سبازموفري50مجم,6223002971770,33.6
708,سبازموفين امبول,6221075030028,28.02
1532,سباسكولون 100مجم,6222006502232,81.0
1533,سباسكولون 50مجم,6222006502225,60.48
280,سباموبيرالجين-م اقراص,6221068010334,14.91
1608,ستاتيوريك 80 مجم اقراص,6222001401561,88.56
58,ستارفيل بليه فانليا,6224010337756,95.0
1461,ستارفيل ماء ميسلار 100 مل,6224010337510,57.0
600,ستربتوكين اقراص,6221508010726,36.8
309,ستربس برتقال استحلاب,6221039320752,46.2
1642,ستلاسيل 5مجم اقراص,6221068010846,25.55
797,ستيميولان شراب,6221025004864,43.4
1374,سرنجات الدوليه 5سم,4359532265548,1.49
1372,سرنجات الدوليه اطفال 3سم,4326515615641,1.19
1373,سرنجات الدوليه كبار 3سم,4526554351954,1.19
1359,سرنجات انسولين كورى,4238513548123,5.1
1344,سرنجات دواء,4225665626252,2.33
1283,سكاته الجو ب سلسله,758475809894,8.8
1238,سكاي حمام كريم ارجان,6224000566029,33.0
1239,سكاي حمام كريم جوجوبا,6224000566050,33.0
1252,سكاي حمام كريم كيلو,6224000566418,66.5
1268,سكاي كريم تصفيف بالجوجوبا,6224000566470,38.0
1269,سكاي كريم تصفيف بزبدة الشيا,6224000566487,38.0
1267,سكاي كريم تصفيف بزيت الارجان,6224000566845,38.0
1171,سنجيولير 10 مجم اقراص,6223002146475,141.1
1177,سنجيولير 5 مجم للاطفال اقراص,6223002146468,127.9
750,سنسوديرم صابون اطفال,769503325248,34.04
1101,سنيور كريم  200 م موف,6224008077060,34.75
1142,سنيور كريم شعر 200جرام,6224008077039,34.75
1143,سنيور كريم شعر 200جرام,6224008077022,34.75
1230,سنيور كريم للشعر بالزيوت الطبيعيه 225 م,6224008077138,33.55
1154,سنيور كريم للشعر بزبده الشيا225مجم,6224008077350,38.5
1428,سنيور واكس لشعر صحي ولامع 100م,6224008077404,42.9
1469,سوبر كيدز بليه 30 مل لولي بوب,6223012632524,62.0
1474,سوبر كيدز شامبو اطفال فراوله 300مل,6224010337107,92.0
758,سوبراكس 100مجم/5ملل,6224007321225,73.5
807,سوبراكس 200مجم كبسولات,6224007321249,107.64
800,سوبراكس شراب 100مجم,6224007321232,102.18
106,سوفي طويل,6223004792175,40.0
988,سوفي طويل جدا,6223004791819,42.0
1571,سولبيبتا 25 مجم اقراص,6224008179917,40.06
767,سولوفريش قطره,6224000219956,51.84
23,سويت حرير,6225000152014,13.5
736,سويتال 50كيس,6225000047709,65.76
796,سويتال اكياس,6225000177840,25.55
756,سي ريتارد 500 جرام كبسول,6221000001314,27.08
771,سيانارو قطره,6225000351615,26.3
766,سيانوهيبتان امبول بديل ليفابيون,6224009194087,88.2
1640,سيبتازول اقراص,6223000170595,263.2
753,سيبرو 500 جرام اقراص,6221050032191,41.0
769,سيبرو0.3% نقط,6221043010908,11.6
273,سيبرودايازول اقراص,6222003702420,111.0
808,سيبروسين 500مجم,6221032115591,27.72
1376,سيبروسين مرهم,6221032340023,18.1
770,سيبروسين750مجم,6221032115393,53.0
760,سيبروفار 500مجم اقراص,6221151002697,53.38
759,سيبروفار 750مجم اقراص,6221151002635,66.54
806,سيبروفلوكساسين 750مجم,6224000908157,64.97
754,سيبروكين 500 جرام اقراص,6224000730314,38.68
803,سيتال 1000مجم اقراص,6221032101778,27.72
802,سيتال 500مجم اقراص,6221032110527,15.36
799,سيتال شراب,6221032220394,21.8
798,سيتال نقط,6221032230201,16.79
748,سيترونات 5مجم اقراص,6224001050459,43.33
1231,سيداج كريم بزبده الشيا,6224001893329,27.0
772,سيدامكس250مجم اقراص,6221043010571,34.04
1610,سيدرال فوليك اسيد,6224011605038,142.2
916,سيدوفاج 500مجم,4556487895459,404.4
755,سيدوفاج 850 مجم اقراص,6221043010861,74.28
291,سيديبروكت كريم,6221508121118,31.92
854,سيردالود 2مجم اقراص,4555089654728,39.42
973,سيردالود 4مجم,4265896984688,56.7
270,سيرفيتام كبسول,6224001026324,67.94
55,سيرم بلوب صغير,6223003501396,105.0
56,سيرم بلوب كبير,6223003501402,185.0
595,سيريلاك فواكه 125جم,6221007025917,51.0
596,سيريلاك قمح ساده صغير,6221007043270,34.0
1637,سيريلاك قمح مع اللبن,6221007025894,46.2
768,سيستون اقراص,8901138502133,75.82
810,سيفامول اقراص فوار,6221043010557,40.12
745,سيفديم 1جم فيال,6221032163998,41.0
738,سيفوتاكس 1جم ايبكو فيال,6221032310002,33.27
744,سيفوتاكس 2جم ايبكو امبول,6221032320001,47.97
747,سيفوران 1جم,6222012201501,31.72
259,سيفيكسيم 100مل,6222012210008,47.88
293,سيفيكسيم شرام30مللي,6222012210503,33.97
765,سيفييم 500مجم فيال ايفا,6222012215003,38.68
862,سيكودال 1جرام اقراص,6221163006409,72.36
835,سيلجون 10مجم اقماع,6221032250384,12.6
757,سيلجون 20 جرام كبسول,6221032115058,23.21
805,سيلدافا 100مجم,6222001401318,20.13
804,سيلدوكير 8مجم,6223004693106,97.2
801,سيلدين 100مجم,6221032119872,21.12
751,سيلفربيرن كريم موضعي 30 جرام,6221508122016,29.4
1379,سيلك بلاستر  حرير 10 سم,6224000132293,62.43
1384,سيلك بلاستر 1.25 سم,6224000132415,6.25
1381,سيلك بلاستر 7.50 سم,745240351962,47.85
1380,سيلك بلاستر حرير 2.5 سم,6224000132323,17.7
1625,سيلوكينزوك 50مجم اقراص,6223003270599,72.28
773,سيلينيوم ايه سي اقراص,6225000123502,100.58
847,سيمباتكس 20مجم اقراص,6223004510236,125.28
853,سيمباتكس 30مجم اقراص,6223002459711,164.16
662,سيميثيكون نقط العامريه,6221075200315,17.24
1559,سيناريزين 25 مجم اقراص,6221060000555,17.2
1603,سيناريزين 75 مجم اقراص,6221060000531,23.36
894,سينوبار غسول للوجه,6224000437282,125.8
46,سينور بخاخ,6224008077480,50.0
1339,شاش المحله 11 سم,4045451651646,3.8
1348,شاش المحله 5 سم,4568653484654,2.3
1347,شاش المحله 7 سم,4262324654654,2.75
1341,شاش دريسنج 10*10,4258525855558,2.0
1342,شاش دريسنج 10*20,4225565465554,2.75
1343,شاش دريسنج 15*25,4265651855516,3.55
1340,شاش فازلين 10فى 20سم,4225588952221,8.0
1034,شامبو اسكاي لتر,6224000566920,62.7
1036,شامبو اسكاي لتر,6224000566913,62.7
1035,شامبو اسكاي لتر سلفات منخفض,6223007210744,62.7
1029,شامبو البصل والخروع,6223002230914,53.35
1043,شامبو الفيف هالورين 600ملل,3610340651328,129.58
1044,شامبو الفيف هالورين 600ملل,3610340655289,129.85
1063,شامبو بانتين 400 م للتساقط,5410076881840,140.0
1062,شامبو بانتين 600 م,4084500807457,180.0
1068,شامبو بلولاين بالنخاع لتر,6224000412234,58.5
1061,شامبو بندولين 250 م,6223011114373,115.0
1060,شامبو بندولين 450 م,6223011114380,154.0
76,شامبو جونسون 200 مل,6223000659281,70.0
75,شامبو جونسون صغير 100مل,6223000659243,40.0
31,شامبو دوف  180 ملي,6221155135094,63.0
30,شامبو دوف 180,6221155135100,63.0
29,شامبو دوف 180 ملي,6221155135049,63.0
93,شامبو دوف الاصلاح المكثف,6221155135186,105.0
94,شامبو دوف ضد تساقط الشعر,6221155135179,105.0
13,شامبو صن سيلك 350,6221155063267,68.0
32,شامبو صن سيلك 350 ملي,6221155063274,68.0
33,شامبو صن سيلك 600 ملي,6221155063304,98.0
1049,شامبو فاتيكا 180ملل,6223012450463,47.5
1050,شامبو فاتيكا 350ملل,6223012450470,73.75
1054,شامبو فاتيكا جرجير وزيتون 360ملل,6223012452726,58.0
1057,شامبو فاتيكا للشعر العادي 400 م,6291069652536,58.0
1055,شامبو فاتيكا يحافظ علي الرطوبه,6224007939468,58.0
1056,شامبو فتيكا للحمايه من تساقط الشعر,6224000851736,58.0
1030,شامبو فيانسيه اليمون والالوفيرا,6223002230945,53.35
1047,شامبو كلير حريمي 190ملل,6221155058409,67.0
1046,شامبو كلير حريمي 400ملل,6221155206589,100.0
1045,شامبو كلير رجالي,6221155058485,100.0
1048,شامبو كلير رجالي 190ملل,6221155058447,68.0
1059,شامبو كليو باترا بزبده الشيا 500 م,6224009609581,42.62
1053,شامبو مارولينا للشعر لتر,6772505029889,92.1
28,شامبو هيد اند شولدرز,5011321361058,160.0
1052,شامبو وبلسم دياموند لتر,6210000352113,44.0
1039,شامبو وبلسم سباركل,6221009004514,71.5
1040,شامبو وبلسم سباركل,6221009005276,71.5
1041,شامبو وبلسم سباركل,6221009005382,71.5
1042,شامبو وبلسم سباركل,6221009007416,71.5
1008,شاور جل رودى خوخ 2لتر,6224319976564,41.5
1007,شاور جل رودى سهر الليالى 2لتر,6224319972429,41.5
1002,شاور دوش لتر,6223006128866,65.0
1010,شاور مود 750مل,6223007903318,68.75
775,شاي رجيم رويال صغير,6040391213560,18.17
774,شاي رجيم رويال كبير,6040391211863,32.71
1484,شفاط ثدي اليجو نيو,4975201678845,16.0
1334,شفرات دوركو حريمى بينك,8801038603339,66.75
1227,صابون انجليش ليزر 125  احمر,6221081064208,14.33
1228,صابون انجليش ليزر 125 ازرق,6221081064161,14.33
1137,صابون جلسرين خمس خمسات,6223002840182,18.0
1136,صابون خمس خمسات كبريت,6223002840298,11.0
1122,صابون دوف قالب كريم جمال,6221155137814,29.5
1025,صابون ديتول 125جرام,6223005872241,23.37
1026,صابون ديتول 90جرام,6223005873583,19.0
1028,صابون ديتول 90جرام,6223005873620,19.0
1123,صابون ديتول لبشره ناعمة الملمس,6221155137821,29.5
1027,صابون ديتول مغذي 90جرام,6223005875402,19.0
1556,صابون فينتامور,6224011686310,57.36
977,صابون لايف بوي 125,6221155152602,19.7
1277,صابون مغربي بوبانا بزيت الزيتون,6222019610993,44.75
1541,صابونة ديتول 115م ازرق كول,6223005872227,24.0
22,صابونه ستارفيل,6224008073437,35.0
18,صابونه كبريت,6223002260461,18.0
1417,صبغه جاوي,4525630178456,7.25
1130,صن سويت بخلاصة الزليمون للبشره الدهنيه,6225000333145,9.75
1129,صن سويت بخلاصة الزيتون للبشره الجافه,6225000333149,9.75
1128,صن سويت بخلاصة العسل للبشره الحساسه,6225000333148,9.75
1127,صن سويت بخلاصة الورد للبشره العاديه,6225000333147,9.75
1429,صنفره زيدورا لتفتيح البشره بالخيار,6224212566848,28.75
1281,عضاضه مايه  الجو,758475809948,17.25
1140,غرناطه كريم للشعر الارجان,6220201376757,106.0
1141,غرناطه كريم للشعر بذبدة شيا غانا,6220201375248,106.0
1152,غسول ايفا مزيل للوجه 150مل,6223004374036,46.25
1233,غسول بوبانا 50 م بالفحم,6222019610276,27.0
1155,غسول بوبانا وجه بفيتامين سى 50مل,6222019610290,27.0
1416,غسول خلات الرصاص,4110398521475,7.75
27,غسول ستارفيل,6224008059790,95.0
1345,غطاء للعين,4257255545457,1.15
51,غلو اند لافلي,6221155114488,27.5
73,فا بليه مزيل,6281031263112,45.0
74,فاتيكا شامبو اسود 360 مل,6224007939178,53.0
1246,فاتيكا كريم 125  لوز,6224000851859,42.67
1244,فاتيكا كريم 125 حناء ولوز,6291069655018,42.67
1243,فاتيكا كريم 125 صبار و زيتون,6291069655117,42.67
1241,فاتيكا كريم 125 ليمون,6291069654516,42.67
1245,فاتيكا كريم 125جوز هند,6224000851880,42.67
1259,فاتيكا كريم 190  صبار وزيتون,6224000851033,58.2
1258,فاتيكا كريم 190 جوز هند,6224000851897,58.2
1256,فاتيكا كريم 190 حناء ولوز,6224000851019,58.2
1257,فاتيكا كريم 190 زبدة شيا,6223012450241,58.2
1260,فاتيكا كريم الارجان  65ملل,6224007940044,22.5
1261,فاتيكا كريم الحبه السوداء  65ملل,6224007940075,22.5
1262,فاتيكا كريم اللوز  65ملل,6224000851842,22.5
1263,فاتيكا كريم الليمون و شجرة الشاي 65ملل,6291069655001,22.5
1264,فاتيكا كريم جوز الهند 65ملل,6224000851873,22.5
1265,فاتيكا كريم زبدة الشيا 65ملل,6223012450364,22.5
1242,فاتيما كريم 125 ارجان,6224007940051,42.67
883,فاركو تليليام  شراب,6223000011935,19.2
786,فاركوسين كريم,6223000011782,16.72
787,فاركوسين مرهم,6223000010815,16.72
732,فاركوفيت ب 12,6221151015697,29.25
815,فاركولين محلول,6221151000891,25.9
1520,فاروتيتا شراب بالتوت,4775210369215,126.0
1138,فازلين 50ملل,6223002749164,15.13
1139,فازلين 70ملل,6223002749157,19.0
95,فازلين مرطب شفايف حجم وسط,6223005990235,15.0
791,فاستاريل ام ار,6223003960285,127.21
818,فاستافلام 50مجم اقراص,6221032118950,24.48
814,فاستر جيل,6223004160134,23.36
795,فاستكيور40مجم,6221088021600,61.06
819,فاستل 120مجم,6221076610540,46.2
1558,فاستل 180 مجم اقراص,6221076610526,60.22
282,فاستم جيل صغير,6222003700174,16.0
1588,فاسكون -ان نقط فم,6224001050930,38.44
816,فاسكون اقراص,6224001050497,31.96
272,فاكتو مرهم,6223005461056,60.8
792,فالجيستريل بديل سيكلوبر,6224000588168,24.71
984,فامليا تويلت,6224007974773,9.0
784,فاموتين 20مجم,6221050030746,29.07
790,فاموتين 40مجم,6221050030760,43.61
1503,فاين لايف كبار كبير,6294018807520,425.0
80,فاينسيه بخاخ ابيض,6223002231256,43.0
79,فاينسيه بخاخ زيتون,6223002231225,43.0
81,فاينيسيه بخاخ صبار,6223002231232,43.0
788,فبيوريك 80مجم,6221000000584,101.41
817,فرافيرو 27عادي,6223006935600,96.0
782,فراكتيليا مساج جل,6225000545526,50.88
1288,فرش اسنان اورال كبار,6939624302686,8.75
1323,فرش اسنان جنجا اطفال,6224001475627,6.5
1324,فرش اسنان سوفت,5555599994422,21.55
1303,فرشاه+مشط الجو اطفال,731551988928,16.0
898,فروساك حقن,4794563012867,363.6
1064,فريده شاور 1200 م جوز الهند,6224008204831,123.25
1543,فريده شاور 650 ملل مون لايت,6224008204763,70.0
1065,فريده شاور جوز الهند والارجان 650 م,6224008204770,71.0
1162,فريده معطر بالتوت البرى 480م,6224008668060,36.85
1161,فريده معطر بالعود480م,6224008668053,36.85
1160,فريده معطر رائحه النظافه480م,6224008668435,36.85
1585,فريزيدرم كريم,4215611265488,65.42
599,فلاجيل 500مجم اقراص,6223003990602,24.14
258,فلاجيل شراب,6223003990619,19.24
1630,فلافيسف شراب,6223003974961,63.98
1574,فلدين 20 مجم اقراص,4889521037412,30.79
1578,فلدين اقراص 20مجم,4215158485678,30.79
1569,فلدين حقن,4788965421034,46.74
779,فلوبادكس 8مجم,6223004514388,128.67
794,فلوتاك 75مجم,6223002641833,65.42
1545,فلورست -ان اقراص,6221045011330,19.35
1453,فلوكا قطره للعين,4221893476108,48.18
1577,فلوكورال 150 مجم كبسول,6221042167054,22.23
1590,فلوموكس 1000 مجم اقراص,6221032116666,70.74
275,فلوموكس 500مجم,6221032131522,48.99
532,فليبوتون امبول,6222003702192,36.72
789,فليكتور 25جرام جيل,6223003570385,23.26
783,فليكتور 50مجم كبسول,6223003570088,63.24
778,فوار فروت,6221151004691,17.44
1285,فوج بخاخ  ماركو,6224009160013,93.0
85,فوج بخاخ ابيض  فى احمر,6224009160570,93.0
1287,فوج بخاخ مطلق,6224009160129,93.0
86,فوج بخاخ مونارك,6224009160051,93.0
84,فوج بخاخ نابليون احمر,6224009160020,93.0
1572,فوربيودس كبسول,6221076021711,247.8
529,فورتيموكس بلس قطره,6223005441201,27.3
533,فولبرازال40مجم,6224001620317,134.4
864,فولتارين 100مجم اقماع شرجيه,6223002642151,43.2
530,فولتارين امبول,6223002641659,40.3
781,فولتارين جيل 25جم,6223013531611,28.35
780,فولتارين جيل 50جم,6223013531628,49.43
848,فوليك اسيد 500مجم,6223002212583,14.6
109,فوم للحلاقه اكتيف  200 مل,6223000400029,47.0
1207,فيانسيه جل كريم احمر 225 م,6223002234561,36.3
1205,فيانسيه جل كريم ضد القشره 225 م,6223002234523,36.3
1335,فيبكس امبوبه ازرق 15 مجم,6223002053902,33.17
1336,فيبكس امبوبه بينك 15 مجم,6223002053926,33.17
61,فيبكس بليه,6223004682292,35.0
1325,فيبكس بليه مزيل عرق,6223004683381,36.0
1327,فيبكس بليه مزيل عرق اخضر,6223004683374,36.0
1326,فيبكس بليه مزيل عرق بينك,6223004682285,36.0
59,فيبكس كريم مزيل عرق,6223002050482,45.0
60,فيبكس كريم مزيل عرق,6223002053919,45.0
1594,فيتاماونت للرجال كبسول,6221025051233,69.2
1595,فيتاماونت للسيدات كبسول,6221025030832,69.2
490,فيتنال مركب بخاخ,6221060005888,61.6
469,فيدروب نقط,6221508220422,19.24
975,فير اندلفلي صغير,6221155114525,14.25
1440,فيرسيرك 16 مجم اقراص,6222006501884,64.38
1439,فيرسيرك 24مجم اقراص,6222006501891,88.8
1619,فيرم-وان 500 مجم اقراص,6223003570217,159.2
887,فيروترون اقراص,6224008097099,106.26
777,فيروجلوبين كبسول,6224001078019,130.85
1513,فيروستات 200 مجم شراب,6221094072108,48.8
867,فيسرا امبولات,6221025019820,12.0
785,فيسيرالجين 50 مجم,6221042035025,30.53
1646,فيسيرالجين شراب,6221042260014,27.09
468,فيفيدول كريم للشعر,6224000437404,129.2
235,فيلداجلوز1000/50بلس,6224000866358,99.96
851,فيموجيسال اقراص,6224008302148,55.8
1502,فينادون شراب,6221060001231,23.31
842,فيوتابان 40,6223004191237,96.48
624,فيوسي زون كريم,6221094113122,28.8
278,فيوسي كريم,6221094503787,44.08
725,فيوسيدرم كريم,6223002450251,19.5
1589,فيوسيدين كريم 15 جرام,6222003700204,43.05
1547,فيوسيدين مرهم 15 جرام,6222003700211,33.86
1548,فيوسيدين مرهم 20 جرام,6222003702543,41.73
1391,قربة مايه بطانه لوكس,6928167814251,60.0
1390,قربه مايه بلاستك عاديه,6928167816880,55.0
1458,قصافه اشكال دبدوب,4785203664587,10.0
1457,قصافه كبار,6935826654691,14.0
1321,قطن اذن 300عود,6221094504589,11.5
1164,قطن اذن كبير,6994670810332,9.25
107,قطن طبى كبير 100 جرام,6225000083226,10.2
108,قطن طبى وسط  50 جرام,6225000083219,5.1
111,قطن طبي الصياد 25 جم,6225000083202,2.8
1310,قلم كحل ماتك,6040391212566,11.0
255,كابرون امبول,6221025012708,72.0
840,كابوتريل 50مجم اقراص,6221032110428,21.56
1511,كابوتون 25 مجم اقراص,6224001007101,25.6
718,كابوتين 50مجم,6224001007118,15.6
1485,كارباميد كريم 30مجم,6221050130293,29.14
1487,كارفالون 25 مجم اقراص,6223003579395,96.17
1598,كافسيد باراسيتامول للاطفال اقماع,6223002143535,44.59
726,كافسيد رضع لبوس,6223002144877,27.3
1524,كال_ماج كبسول,6224007751008,107.31
1169,كالاميل مرطب للجلد100م,4545685498454,39.2
1506,كالدين زنك شراب,6223004160493,24.0
1544,كالسيترون كبسول,6224008097556,87.08
948,كالسيمات 500 مجم كبسول,6221067000602,16.0
1157,كالهيبارين5000و.د.,6221025004475,112.77
875,كاندلكان 16 مجم,6223004190063,43.8
492,كاندلكان 8مجم عادي,6223004190056,35.04
872,كاندلكان بلس 12.5/16 مجم اقراص,6223004190070,55.5
277,كاندلكان بلس 32 اقراص,6223004190087,76.5
1385,كانيولا 20سم بينك,4268656759865,7.0
1382,كانيولا 22 ازرق,8906039100143,7.0
1383,كانيولا 24 اصفر,4120368520014,8.52
683,كبريللا لوسين,6223002144525,22.61
1407,كتافاست 50 مجم فوار,6223002641604,52.56
969,كتافلام 25مجم,6223002641703,25.16
1193,كتافلام 3/75مجم حقن,6223002641840,90.0
966,كتافلام 50مجم,6223002641895,62.78
1400,كحول اسبراى 70م,4315345654988,11.0
1576,كروماكس اقراص,6224009763030,131.1
1208,كريم الو ايفا بالصبار 185 م,6223001386476,70.5
1209,كريم الو ايفا بالصبار 85 م,6223001386469,40.25
65,كريم ايفا  للبشره وسط,6223001380207,20.0
42,كريم ايفا ب العسل,6223001380146,10.0
69,كريم ايفا ب العسل كبير,6223001380177,40.0
1145,كريم ايفا ب العسل للشعر  صغير,6223004370540,23.3
1105,كريم ايفا بالجرسلين50مل,6223001380115,21.2
1104,كريم ايفا بالخيار 20مل,6223001380191,10.25
1103,كريم ايفا بالعسل 50 م,6223001380160,21.0
1144,كريم ايفا شعر بالعسل,6223004370557,33.3
68,كريم ايفا كبير بشره جافه,6223001380139,40.0
1108,كريم ايفي للبشره 200م,6772504632264,28.5
1106,كريم بالمرز للشعر100م,010181060007,126.5
70,كريم ترشوب,6224008311669,65.0
1300,كريم ترطيب كير اند مور 75 مل,6223004680144,31.0
1301,كريم ترطيب كير اند مور 75 مل,6222042300144,31.0
1302,كريم ترطيب كير اند مور 75 مل فراوله,6223004687235,31.0
1305,كريم جليسوليد 100ملل,6223004681738,41.25
1291,كريم جليسوليد 20 م,6223002057443,14.35
1292,كريم جليسوليد 40 م,6223004682872,27.0
1306,كريم جليسوليد 50ملل,6223004688003,26.6
1293,كريم جليسوليد 80 م,6223004680328,49.5
1014,كريم حلاقه تماره كبير,6224000315139,15.4
1015,كريم حلاقه خمس خمسات,6223002841677,17.0
976,كريم سبوتلس انبوبه,6223001385455,20.35
1232,كريم صنفره دايموند,6224008133025,20.0
1248,كريم فاتيكا بالارجان 190 م,6224007940068,58.2
1249,كريم فاتيكا حبه سودا 190 م,6224007940099,58.2
1247,كريم فانيكا  بالحبه السودا 125 م,6224007940082,42.67
1322,كريم فيبكس 10م,6223002054220,26.5
1289,كريم لونا ترطيب  اليدين والجسم 75 م,6221039302932,31.0
1290,كريم لونا للتشققات 40 م,6221039302277,27.0
467,كريم مارفيل,6224000437176,129.2
1240,كريم منك  للشعر كبير,6223003445096,36.3
1308,كريم منك بجوز الهند كبير,6222014504983,36.3
1307,كريم منك بزيت اللوز كبير,6222014504976,36.3
1552,كريم نتائج الطبيعه بديل للبروتين,6224010593947,10.0
1011,كريم ون لازالة الشعر حساسه,6223001384793,18.42
1012,كريم ون لازالة الشعر عاديه,6223001384762,18.25
1013,كريم ون لازالة الشعر للبشره الجافه,6223001385394,18.42
1438,كريم ويلوفنج %2,6224000911676,37.44
855,كلاريتين للحساسيه,6221042134025,82.5
861,كلافيموكس 1000جرام اقراص,6221151511632,87.1
947,كلافيموكس 228.5 مجم شراب,6221151003069,36.66
1175,كلوسول بخاخ,6221076124030,32.35
1560,كليكسان 60 مجم امبول,3664798012804,263.13
284,كلينداسول جل,6221076230137,20.8
868,كلينداسول محلول موضغي,6221076170037,27.2
1483,كمادات اطفال تيمبو كول,4557788863254,20.0
1409,كو-افازير قطره للعين,6224000219826,28.8
1573,كو-افازير مرهم للعين,6223005441652,22.26
279,كوادريدرم كريم,6221050130286,38.4
871,كوادريدروم 15مجم كريم,6221050130118,22.4
1604,كوديلار شراب,6221077050710,19.71
1500,كوراسور-اننقط فم,6221025040152,31.92
1366,كورتيبلكس للاطفال,6223004901799,33.18
1365,كورتيبلكس للكبار,6223004901782,37.92
841,كورتيلون اقراص,6221025010964,14.27
1168,كورنيتيرز جل للعين,6224000219345,31.09
957,كوكاست 10 مجم اقراص,6224001026645,36.75
956,كوكاست 4 مجم اقراص,6224001026065,27.01
1222,كوكو واكس  عجين  الوان,6224001498107,19.8
1223,كوكو واكس عجين الوان,6224001498183,19.8
737,كولداتريكسي اقراص,6223004190995,48.97
971,كولشيسين 500 ميكروجرام اقراص,6221067000855,152.0
1179,كوللو ماك محلول موضعي,6221088040151,20.58
1582,كولوسبازمين فورت 135مجم اقراص,6221032110855,33.66
952,كولوفيرين ا اقراص,6222006501426,72.27
951,كولوفيرين اقراص,6222006501402,59.28
950,كولوفيرين د اقراص,6222006501419,78.75
1512,كولونا اقراص,6223003974145,48.99
1100,كولونيا مارى خمس خمسات130مل,6223002840717,28.9
256,كونتافيفر ان شراب,6224008179085,24.42
873,كونترولوك 40 مجم اقراص,4288545456648,150.4
1449,كونجي كلير% 0.1 قطره للعين,6224000219451,15.84
1450,كونجيكلير فورت قطره للعين,6224000219758,28.8
955,كونكور 5 مجم اقراص,6221025032348,56.16
1497,كونكور 5بلاس اقراص,6221025032355,54.0
954,كونكور كور 2.5مجم اقراص,6221025032331,43.2
1593,كويتابكس 25 مجم اقراص,6223003203535,66.89
264,كيبرون 300 اقراص,6224001007385,102.96
962,كيتوفان 50مجم,6221076120896,28.8
1363,كيتولاك 30مجم/2ملل امبول,6221075030042,40.8
1529,كيروفيت كبسولات,6221025052872,141.0
1460,كيس جمع بول كبار ابيض,4117852036409,9.3
727,كيناكومب كريم صغير,6224001007224,23.4
719,كيورام 312.5/5ملل,6223014580472,53.3
720,كيورام 625مجم اقراص,6223014580496,85.77
1519,لاجار نقط بالفم,6225000501133,54.6
471,لاري برو اقراص,6221088010574,28.6
965,لازيلاكتون 100مجم,6223003990763,135.78
970,لازيلاكتون 50مجم,6223003991951,90.72
463,لاسيكس اقراص,6223003990824,23.4
581,لاسيكس امبول 20مجم,6223003990800,27.0
1505,لاكتو لبن رقم 2,6224000421151,189.0
576,لاكتوديل 2.5مجم,6221025003614,51.93
566,لاكتيفينور 0.03 اقراص,6224000588403,19.5
1557,لاكتيول فورت اكياس فوار,6223003970123,86.04
460,لاكريتيرز قطره,6225000351646,34.79
575,لاميفين 125مجم,6223003930370,54.6
850,لاميفين 15جرام كريم,6223003930387,12.14
1516,لاميفين 250 مجم اقراص,6223003930363,76.16
1166,لانتوس سلوستار 5 قلم,3582910017653,943.3
489,لايس نقط,6221094042316,10.2
1422,لبخه كاولينا,4785213088754,10.0
1371,لبن لاكتو1 400جرام,6224000421144,175.5
1617,لبن هيرو رقم 1 نيوتراديفنس بلس,8410175080141,192.9
1377,لجنوكايين سبراي,6221060002160,30.1
1196,لجنوكايين5%جل,6221077072811,18.72
1498,لجنوكايين5%كريم,6221077072316,19.15
462,لوبريفيسك قطره,6224007321164,22.72
579,لوبريكف شراب للكحه,6223004045165,27.9
1369,لوتوفولون حقن,6221035016109,29.6
1546,لوسيدريل 250 مجم اقراص,6222003700280,55.64
133,لوسيدريل 500 مجم,6222003702116,117.0
276,لوفير 400مجم اقراص,6224009052189,59.28
734,لوكاستن 200مجم /20جم,6223000173169,12.35
1295,لونا للتشققات 20 م,6221039302116,16.0
1294,لونا للشفاه ليب ثرابي 10 م,6221039321049,29.5
577,لوهيدران اكياس,6221043011431,24.96
142,لي لي دش مهبلي,6224011031165,51.03
459,ليبانتيل 300مجم اقراص,6222003701942,89.46
132,ليبراكس,4019338608846,30.75
127,ليت اب غسول,6224007384497,142.5
722,ليدوكايين 2% 20مجم/ملل,6222010670354,21.45
126,ليدوكايين بخاخ,6221060003181,28.5
140,ليسيد لوسيون موضعي,6224009656028,32.0
137,ليفابيون محلول للحقن في العضل,6221051861370,67.2
136,ليفانيك 500 محم,6221508018524,60.7
129,ليفانيك 750,6221508510417,43.56
125,ليفست,6223003570347,62.0
123,ليفست نقط,6223003573669,25.0
1337,ليفه كف,4215879630145,19.25
1535,ليفو كتيفان شراب,6224009694068,23.79
128,ليفوتافين,6221151003786,67.16
122,ليفوتافين 750 كبسول,6221151003779,81.0
124,ليفودل,6221163012462,45.5
130,ليفوهستام,6223012330093,42.94
866,ليفوهستام اقراص,6223012330116,73.71
896,ليفوهستام شراب,6223012330109,24.57
114,ليلاك جل مرطب 100مل,000107544483,275.0
115,ليلاك صن بلوك  100 مل,210254780256,278.0
141,ليليبل 10 مجم,6224008365334,96.0
1501,ليليبل 4مجم اكياس,6224008365358,74.21
135,ليليبل5مجم اقراص,6224008365303,73.6
143,ليمت ليس ومان,6223012481795,192.0
838,ليمتلس الزايم ماكس,6223012482990,108.75
886,ليمتلس اوسوفورتين د 3 5000 وحده اقراص,6223012480460,82.8
619,ليمتلس اوميجا 3 ايفا,6223012481818,156.42
834,ليمتلس بريناتال ماكس,6223012481832,170.1
776,ليمتلس بي كومبلكس او دي اف,6223012483409,98.13
131,ليمتلس كروماكس,6223012480149,271.2
620,ليمتلس مان ماكس,6223012481771,192.0
1620,ليمتلس ميلجا ماكس اقراص,6223012480071,176.3
1645,لينكس مساج كريم,6224001202391,54.19
1394,ماء اوكسيجين %10,6224000788056,8.0
1395,ماء اوكسيجين %20,6224000788063,8.25
1396,ماء اوكسيجين %30,6224000788070,10.0
914,ماء غريب سمايل,4568768786569,35.04
1649,ماء معقم 5 سم للحقن,6223003951818,228.0
78,ماء ورد العراب,6772504408081,27.5
461,ماجيك كريم,6224008966210,92.3
470,مارفيتنس 12.5مجم,6224009763641,65.25
465,مارك فاست اقراص,6223003570071,39.42
472,ماركال 700مجم,6223003570132,65.7
458,ماريفان 3جم,5054290001747,27.72
466,ماريفان 5مجم,5054290001754,62.4
1147,ماسك حليب بوبانا 250جرام,6222019610801,43.0
1148,ماسك حليب بوبانا ازرق 250جرام,6222019610818,43.0
1431,ماسك نيبو لايزر اطفال,4112589607548,12.5
1393,ماسك نيبولايزر اطفال ميدكير,4329262655154,11.0
1430,ماسك نيبولايزر كبار,4125896321057,13.25
1392,ماسك نيبولايزر كبار فوكس,4326262686486,13.4
464,ماغنسيوم بلس اقراص,6223002212101,36.0
1581,مافيلور بلس 12.5/5مجم اقراص,6223003207373,81.0
522,ماكروفيوران 50مجم,6221068101261,22.4
944,ماكس برو لوشن 120 ملل,4659857895661,41.8
1182,ماكسدينير 250 مجم شراب,6222006501365,67.64
1523,ماكسيتارد 100وحده عادي,099054879785,118.3
945,ماكسيكان دشراب,4856329528484,33.6
516,ماكسيلاز شراب,6223003992002,37.62
1331,ماكينه جيليت حريمى,7702018844791,77.0
1333,ماكينه حلاقه جيليت رجالى,7702018467266,237.0
1328,ماكينه حلاقه دوركو ازرق,8801038596631,12.65
1329,ماكينه حلاقه دوركو اصفر,8801038613390,66.75
915,مالتى بد مكمل غذائى,4324589788976,41.8
185,مالتى ريلاكس 10مجم,6223003201081,31.5
168,مالتى ريلاكس 5جرام,6223003202200,27.0
856,مالوكس اكياس,3664798001105,97.2
1534,مالوكس بلس شراب,6223003992088,60.0
181,مامي ميلك اقراص,6224011515023,63.36
1432,ماي كيدز شامبو,4667788074575,80.0
1433,مايكيدز لوشن,4652879576975,59.25
179,مبروسين ساجا 20 جرام مرهم موضعي,6221126000499,62.25
176,متروهيلر قرص بخاخ,6221076020530,129.0
17,مجنون اسنان سيجنال صغير,6221048407772,13.5
1403,محلول رنجر عادي,4120396754120,17.24
1405,محلول ملح %9,4875961325478,16.32
34,مرطب شفايف لونا,6221039305018,12.5
1421,مرهم راسب ابيض,4785210369758,6.0
1425,مزيل عرق ايمبر وبرايف ابيض,6291108520253,95.0
1424,مزيل عرق ايمبر وبرايف بينك,6291108520413,95.0
1423,مزيل عرق ايمبر وبرايف موف,6291103669001,95.0
1318,مزيل عرق برشيوس كبير,6225000400078,58.3
1319,مزيل عرق تراي 200ملل,6292625176084,70.0
1320,مزيل عرق رجالي XL,5023716777771,89.65
1279,مزيل عرق ستارفيل ابيض,6224010337145,95.75
1280,مزيل عرق ستارفيل بني,6224010337152,95.75
1278,مزيل عرق ستارفيل بينك,6224010337169,95.75
1427,مزيل عرق فانيلا بينك 50 مل,6224001848797,48.0
1414,مس جنتيانا ازرق 15مل,4785210310189,5.0
1413,مس جنتيانا اسبراي للجروح,4410258761452,10.0
1420,مس كستلاني,4996320475219,7.25
1135,معجون اسنان دابر مسواك صغير اغضر,6291069206708,16.0
1133,معجون اسنان دابر مسواك كبير اغضر,6291069206807,32.5
1134,معجون اسنان دابر مسواك كبير اغضر,6224007940655,32.5
1016,معجون اطفال فلورو,6223004375156,21.5
1018,معجون اطفال فلورو اللبان,6223001389590,21.5
1017,معجون اطفال فلورو توت,6223001387640,21.5
1019,معجون اطفال فلورو كولا,6223001389583,21.5
1006,معجون سيجنال 120 مل,6221048407833,47.3
1005,معجون سيجنال 50مل,6221155067029,23.65
52,معجون سيجنال كبير,6221155084446,50.0
1004,معجون سيجنال مبيض 50 مل,6221155067074,28.5
16,معجون سيجنال وسط,6221048407796,25.0
47,معجون سينسوداين كبير,6223013530515,85.0
48,معجون سينسوداين وسط,6223013530201,53.0
1020,معجون كلوس اب 25 مل,6221155081629,15.0
1021,معجون كلوس اب 50 مل,6221155110718,25.5
49,معجون كلوس اب كبير,6221155110664,42.5
50,معجون كلوس اب كبير,6221155110671,42.5
72,معجون مسواك,6223012450623,17.0
1121,معطر جو فريده ارابيسك 460ملل,6224008668411,52.25
1118,معطر جو فريده بهجه 460ملل,6224007537923,52.25
1119,معطر جو فريده عود 460ملل,6224007537893,52.25
1120,معطر جو فريده كنزي 460ملل,6224007537534,52.25
1412,ملح انجليزي اكياس,5054077114035,6.05
998,مناديل  مبللة بيبي كير,6225000300866,10.0
41,مناديل زينه,6223001240655,23.5
1358,مناديل مبلله تركى 72,6224008748724,13.25
987,مناديل وايت,6224011512794,24.0
1537,منك حمام كريم 800ملل  توم روزماري موف,6222014500015,85.0
502,موبيتيل 7.5مجم مسكن,6221508016315,11.16
503,موبيتيل حقن/المهن,6221508171410,23.4
1586,موتينورم شراب,6221045009672,23.83
972,موزابرايد 5مجم,6224007308035,92.4
565,موف 1 مرطب,6224008843122,131.4
1237,موفكسير 50/500,4589632187552,57.72
495,موفكسير 500/50مجم اقراص,6224010704107,57.72
494,موفلوكس 400مجم,6223004191152,128.8
505,موفيزي 5مجم,6223002146505,43.8
173,موكسن 15 مجم قرص,6223003930240,30.36
578,موكسيفلوكساسين 400مجم,3749595950099,56.0
35,مولبد الترا طويل جدا,6223007653305,63.0
999,مولبد س طويل جدا,6223007652643,25.0
36,مولبد طويل,6223007654715,40.0
39,مولبد طويل 26,6223006346352,63.0
37,مولبد طويل جدا 14,6223007654739,40.0
40,مولبد طويل جدا 24,6223007652681,63.0
982,مولفيكس 1,6224007557020,265.0
100,مولفيكس 2,6224007557051,260.0
101,مولفيكس 3,6224007557082,300.0
105,مولفيكس 4,6224007557112,300.0
978,مولفيكس 4,6224009614035,410.0
979,مولفيكس 5 عبوة كبيرة,6223007653039,415.0
983,مولفيكس 6,6224007974124,330.0
580,مونو ماك 40مجم,6221088010611,32.25
567,مونو ماك ديبو اقراص,6221088010635,36.0
571,مونوماك 20مجم,6221088010598,21.28
733,مونيكيور 400مجم لبوس,6221094064585,15.6
570,موهير لسيون سبراي,6224008585558,140.0
487,مووف مساج كريم,6223002450466,14.93
170,ميبافاج ممتد المفعول 1000 مجم,6223002214525,36.75
731,ميبافيوران 100مجم,6223002211081,35.1
498,ميباكوفنت شراب,6223002210497,12.37
920,ميبو كريم,4012387542156,94.83
172,ميبيفاك ممتد المفعول قرص200مجم,6222001400908,72.27
1507,ميتابسين اقراص,4258751403362,79.0
574,ميتاكارديا اقراص,6223002142750,43.8
813,ميثايلتكنو 30فيلم,6224011153010,105.3
1575,ميثرجين 0.125 مجم اقراص,6223002640966,11.13
184,ميجافين ان شراب,6223003973896,25.55
174,ميجافين قرص مسكن وخافض للحراره,6223003975234,37.2
504,ميجاليز مضاد للالتهابات,6221025035134,48.24
906,ميجاموكس 1مجم اقراص,4251336985472,69.42
903,ميجاموكس 457 جرام شراب,4213065482147,80.0
905,ميجاموكس 625 ملجم اقراص,4832012403678,111.5
500,ميدميليزين شراب 100مل,6222012400201,20.74
568,ميدودرين نقط  10ملليلتر,6221077062317,53.6
285,ميدورين 2.5,6221077014019,33.5
186,ميزوسيبت حقن عضل,6221043012643,27.0
165,ميكاسين 250 جرام اسبراي,6224000588120,38.16
573,ميكسدرم كريم صغير,6221088050082,16.8
1180,ميكسورا اقراص,4103487521106,96.0
1183,ميكليزيجو25مجم  للغثيان,6224011153263,70.2
728,ميكوناز اورال جيل للفم,6221508200516,14.95
569,ميكوناز كريم,6221508120418,11.4
1612,ميلاكريست  3مجم لازقه للفم,6224011153355,51.22
1613,ميلاكريست 1.5مجم لازقه للفم,6224011153126,45.53
167,ميلانثينول جل مرطب,6224009517923,39.6
138,ميلانثينول لوشن,6224010808263,178.6
1486,ميلجا ادفنس اقراص,6224010273856,109.28
169,ميلجا مقوى للاعصاب اقراص,6224009967544,77.76
859,ميمونتكس اقراص,6772504783027,330.0
82,مينك هير واكس,6223003446192,35.0
83,مينك هير واكس بزيت جوز الهند,6222014504907,35.0
1404,مينوكسيديل فورت % 5جيل موضغي,6224007322178,86.36
180,ميوفين اقراص,6224009763047,34.56
836,ميوكو 75مجم اقراص,6223002146024,55.4
177,ميوكو شراب 100,6223002146826,27.3
496,ميوكوبريف 600مجم,6223002974856,54.75
183,ميوكوبكت شراب,6221077053018,23.1
171,ميوكوتك 300 مجم اقراص,6223002145973,108.0
144,ميوكوستا لعلاج التهاب وقرحه المعده,6222014003554,85.5
182,ميوكوسول 125مجم/5مللي شراب,6221508060110,16.56
178,ميوكوفللين مذيب للبلغم 125مملى شراب,6221035003062,31.0
175,ميوييراكس كريم,6223002144914,38.4
507,نابي فت100مجم,6223002143511,29.76
1550,نابيزول امبول,6223002149698,36.28
1639,ناتالو لوسيون,4120369785241,59.5
1609,ناتريليكس اس ار 1.5مجم اقراص,6223003960155,39.05
499,نازوفلوتين بخاخ,6221076160793,64.8
793,نافوبروكسين بلس اقراص,6221163013643,31.98
506,نانازوكسيد شراب,6224009687107,24.96
917,نايت كالم 1مجم,6222012401833,44.11
918,نايت كالم 3مجم,6222012401840,77.2
497,نت لوك20مجم كبسول,6224000396053,200.02
1515,نرهافلكس 20 مجم,6224011153379,72.0
1444,نستوجين 1,7506475114417,232.05
1445,نستوجين 2,7506475114424,232.5
1456,نعناع ايزيس 12 كيس,6223000470060,12.25
1549,نو-يوريك 100 مجم اقراص,6221032114204,39.31
1153,نوتروفا غسول للبشره 200مل,4216542518542,93.5
493,نوتوسيل شراب كبير,6222006503437,48.28
904,نودي يخاخ مرطب,4213569874251,79.2
501,نوستامين قطره,6221032330697,15.18
486,نوفالجين امبولات,6223003990893,14.27
1113,نوفالجين اوبلونج 500 مجم اقراص,4521369874521,14.68
908,نوفو نورم 0.5 مجم اقراص,4875230964712,26.52
907,نوفو نورم 1مجم اقراص,4120365472859,37.84
448,نوفيستوريك 20,6223004190445,51.12
1378,نولفادكس 10,4786123789411,137.6
478,نيتروماك ريتارد 5مجم,6221088021495,51.12
893,نيزابكس شامبو,6223003202170,51.0
1309,نيفيا بليه مزيل عرق,4005900554345,68.75
92,نيفيا رول اون سيدات,4006000041162,67.5
96,نيفيا سوفت كريم 100,4006000059334,50.0
98,نيفيا سوفت كريم20,0000042300199,17.5
54,نيفيا كريم مرطب,4006000084817,30.0
91,نيفيا للرجال 72 ساعه,6223005990204,67.5
90,نيفيا للرجال ضد البكتيريا,4005900554406,67.5
89,نيفيا للسيدات,4005900554550,67.5
473,نيفيلوب 2.5مجم 14قرص,6223003579975,32.2
475,نيفيلوب 5/25مجم بلس,6223003571306,63.48
476,نيفيلوب بلاس 5/12.5مجم,6223003571290,60.2
474,نيفيلوب5مجم,6223003579883,69.3
484,نيكسيكيور 2.5 اكياس,6224008407713,134.4
488,نيكسيكيور 20مجم,6223015000139,46.08
479,نيكسيكيور 40مجم اقراص,6224008407041,104.88
485,نيكسيكيور5 مجم اكياس,6224008407720,132.72
482,نيو كاربون قرص,8410885090423,133.65
523,نيو-كلاف 642 شراب,6223004691560,63.0
526,نيو-كلاف457مجم,6223004690228,64.24
480,نيوترا جار اكياس,6223058105013,66.6
943,نيورو ريماونت اقراص,4856598789966,92.0
527,نيوروباتكس 600مجم,6223000471685,85.76
518,نيوروتون امبول,6221025015723,49.5
517,نيوروفيت اقراص,6221075033074,71.4
520,نيوروفيت اقراص,6221075610275,70.38
519,نيوزوليد600مجم,6223002570218,36.4
483,نيوفيستوريك 10مجم,6223004190612,38.88
1536,هابينس زيت 200ملل اطفال,6224011673273,235.0
909,هانتر كريم للبشره,4201387593214,102.7
1000,هاند ووش ديفا بينك,6223000238103,35.0
1001,هاند ووش ديفا موف,6223000236239,35.0
913,هاى فريش قطره للعين,4655465498469,54.75
481,هاي بانتين بلس لوسيون,6224001661051,37.95
443,هاي بيوتك 1جم,6221025022547,122.33
451,هاي بيوتك 600مجم شراب,6221025019578,66.24
477,هاي بيوتك ان شراب 457مجم,6221025038838,55.2
442,هاي ديرم كريم,6224007611975,36.85
910,هاي فريش قطره عين,4021385169970,54.75
521,هاي ماكس بخاخ 100مل,6224007611692,91.0
445,هستازين 1 شراب,6221075050057,24.12
586,هكسيتول 125مجم غرغره,6221060001606,37.42
450,هيباتيكم شراب,6221508070317,37.5
447,هيدرافيت كريم,6222001400816,33.6
1219,هيدراويل محلول جفاف  بالبرتقال,6225000507432,30.81
1554,هيدروفيوسيديك كريم,6224009517381,41.58
584,هيربانا كبسول,6224009003716,84.0
454,هيرتونك اقراص,6223012481917,140.0
1199,هيرو بيبي رقم 1,8410175060044,232.9
1198,هيرو بيبي رقم 2,8410175060143,235.5
456,هيستازين اقراص,6221075610268,44.88
449,هيلسك 10,6223002570249,22.4
452,هيلسك20مجم اقراص,6223002570485,34.78
453,هيلسك40مجم,6223002570492,54.02
587,هيموجيت امبول,6221076030614,101.4
455,هيموستوب امبولات,6221025010131,21.6
446,وان الفا .0.25,6222003701102,86.4
902,وودي مساج جل,4475216547891,60.8
1568,ويديبريكس 40مجم اقراص,6224009799589,72.38
1564,ويديبريكس شراب,6224009799572,57.76
585,ويست اير 4مجم,6224007308363,71.54
588,وينزوكسيب 90مجم,6223004160844,153.0
912,ياسمينا اقراص,4556465864989,180.4
1454,ينسون ايزيس 20 كيس,6223000470084,21.0
583,ينسون ايزيس صغير,6223000470015,12.25
134,يور ايد ان فوار,6221094503022,27.5
661,يوراليت يو فوار,6221043040066,263.03
254,يورسولفين ان فوار,6221077100514,28.88
1643,يورونيميا 100مجم امبول,6221076030980,212.9
717,يوريفين-ان فوار,6221025040084,20.15
1587,يوريكول -ان اكياس فوار,6221151485926,16.14
457,يوريكول فوار,6223000011836,16.8
139,يورينكس,6223000010327,19.6
582,يونيسيتامول نقط100مجم,6224001183959,14.72
1112,يونيفرسال مساج اسبراي,6224008585879,116.0
589,يونيفنجاي اقراص لفطريات,6224008676027,34.98
